engine,variant,cost_bps,period,n,cagr,mdd,sharpe,sortino,calmar,daily_pf
CAUSAL_OPEN_REPLICATION,CORE_DDV10,0,FULL,2567,0.4752072200924138,-0.27455442861840784,1.3308816134614843,1.9407309670401942,1.7308306498049069,1.2919402293767739
CAUSAL_OPEN_REPLICATION,CORE_DDV10,0,2016_2020,1259,0.507882446952667,-0.27455442861840784,1.403246700539531,2.1146169531309105,1.8498424866369663,1.31184753481508
CAUSAL_OPEN_REPLICATION,CORE_DDV10,0,2021_2025,1255,0.472279440060132,-0.2691324402385723,1.3405854393919237,1.9102011372326875,1.7548216767977882,1.2932048797789542
CAUSAL_OPEN_REPLICATION,CORE_DDV10,0,2022_2025,1003,0.4973780263896508,-0.2125383868278068,1.4628618274354117,2.130075981551356,2.3401797379435925,1.3372564387493797
CAUSAL_OPEN_REPLICATION,CORE_DDV10,0,2022_2026_AVAILABLE,1056,0.4611278255584501,-0.2125383868278068,1.3476002545460548,1.9423155959059777,2.169621367889859,1.3061162771587473
CAUSAL_OPEN_REPLICATION,CORE_DDV10,0,2016,252,0.3732083776912165,-0.15127201481549013,1.4538345765842975,2.255533384494395,2.467134308658658,1.308107466193096
CAUSAL_OPEN_REPLICATION,CORE_DDV10,0,2017,251,0.3475311745007814,-0.13213149222720144,1.3664582289788911,1.7912128297372094,2.630191853908666,1.2702820435459963
CAUSAL_OPEN_REPLICATION,CORE_DDV10,0,2018,251,0.19538735037848376,-0.2745544286184076,0.6671198787376137,0.969959112811681,0.7116525177237076,1.138735327302812
CAUSAL_OPEN_REPLICATION,CORE_DDV10,0,2019,252,0.4308583457110102,-0.13768241653130076,1.4637408295955878,2.2439996841823255,3.1293636222099486,1.2938996580251632
CAUSAL_OPEN_REPLICATION,CORE_DDV10,0,2020,253,1.4548387239786664,-0.228660068775154,2.1200538181428543,3.368987238305109,6.362452052829733,1.5018136363609795
CAUSAL_OPEN_REPLICATION,CORE_DDV10,0,2021,252,0.376483699650346,-0.261669707468287,0.9983846645998966,1.3587563109522969,1.4387744890033702,1.1849016423792245
CAUSAL_OPEN_REPLICATION,CORE_DDV10,0,2022,251,-0.08398926687052721,-0.16059071404563385,-0.3162247400548567,-0.4047105890583019,-0.5230020139686322,0.915425196570201
CAUSAL_OPEN_REPLICATION,CORE_DDV10,0,2023,250,0.5743304151962441,-0.1564018129923228,1.819469788998801,2.840472812334313,3.6721467878664287,1.4068635866783405
CAUSAL_OPEN_REPLICATION,CORE_DDV10,0,2024,252,0.8351256029377125,-0.15271251114720075,1.8293544044413148,2.705907118334501,5.468612863897763,1.377498453539613
CAUSAL_OPEN_REPLICATION,CORE_DDV10,0,2025,250,0.9002495088379734,-0.1641022018001964,1.9718194125716721,2.85690826615192,5.485907556158676,1.4465222024827542
CAUSAL_OPEN_REPLICATION,CORE_DDV10,0,2026,53,-0.0810966486436363,-0.18007955837316358,0.06675088359093483,0.09009625128424549,-0.4503378916311345,1.012032350392339
CAUSAL_OPEN_REPLICATION,CORE_DDV10,5,FULL,2567,0.4578457573254444,-0.2758402215998923,1.2956753776049605,1.8858838072503439,1.6598223227559326,1.2831196042824018
CAUSAL_OPEN_REPLICATION,CORE_DDV10,5,2016_2020,1259,0.48976706907870127,-0.2758402215998923,1.3670506818478936,2.0560792065932016,1.7755462428141136,1.3025441373887519
CAUSAL_OPEN_REPLICATION,CORE_DDV10,5,2021_2025,1255,0.4558267864573835,-0.27292406347107556,1.3066383643226582,1.8585493406360323,1.6701597530834504,1.2847564748615996
CAUSAL_OPEN_REPLICATION,CORE_DDV10,5,2022_2025,1003,0.4826661799743499,-0.21430787638155424,1.4311267540547083,2.0801804777413038,2.252209242720552,1.328806227866996
CAUSAL_OPEN_REPLICATION,CORE_DDV10,5,2022_2026_AVAILABLE,1056,0.4460242910739205,-0.21430787638155424,1.3153406311452223,1.8923984394399713,2.0812314442415443,1.297750344903063
CAUSAL_OPEN_REPLICATION,CORE_DDV10,5,2016,252,0.35578093472222583,-0.1549145898609836,1.4006192210462758,2.164664862656179,2.29662638645911,1.2950858106629108
CAUSAL_OPEN_REPLICATION,CORE_DDV10,5,2017,251,0.328322661619048,-0.1336394840722296,1.3064312891381424,1.709108178488092,2.4567788771288273,1.2570189011352837
CAUSAL_OPEN_REPLICATION,CORE_DDV10,5,2018,251,0.18334519857633724,-0.2758402215998921,0.6397738422683062,0.9288631932377261,0.6646789852216715,1.1325980633620718
CAUSAL_OPEN_REPLICATION,CORE_DDV10,5,2019,252,0.4174018361042158,-0.13852435447939626,1.4288167643793195,2.186599609409871,3.0132018133049594,1.2858225439747293
CAUSAL_OPEN_REPLICATION,CORE_DDV10,5,2020,253,1.4213785496426143,-0.2307054650514433,2.0916246263281444,3.317842399140876,6.16100944693994,1.4934299554111525
CAUSAL_OPEN_REPLICATION,CORE_DDV10,5,2021,252,0.35373113820257895,-0.2630524730692355,0.95693534816803,1.300073039026546,1.3447170219512696,1.1765250503050448
CAUSAL_OPEN_REPLICATION,CORE_DDV10,5,2022,251,-0.09080758917382303,-0.16155092930091952,-0.3521043725358235,-0.44975292457626076,-0.5620988351275685,0.9063576284922161
CAUSAL_OPEN_REPLICATION,CORE_DDV10,5,2023,250,0.5603809245205293,-0.15801405651472622,1.7866109395359657,2.7832914346790565,3.5463992057460048,1.3983545286016943
CAUSAL_OPEN_REPLICATION,CORE_DDV10,5,2024,252,0.8115484382857265,-0.1539493272211211,1.7947726264312336,2.650278716155658,5.271529619093951,1.3690510908409543
CAUSAL_OPEN_REPLICATION,CORE_DDV10,5,2025,250,0.8810079781029827,-0.16469502773130773,1.94370604676655,2.811855665131058,5.349329547096627,1.439037916035183
CAUSAL_OPEN_REPLICATION,CORE_DDV10,5,2026,53,-0.09945019464878857,-0.18190779174092153,0.02481694373195642,0.03342397416354168,-0.5467066237076226,1.0044562755808766
CAUSAL_OPEN_REPLICATION,CORE_DDV10,10,FULL,2567,0.4406802783492938,-0.2771236826094171,1.2604101279884123,1.831146178471158,1.5901934984401753,1.2743515572407114
CAUSAL_OPEN_REPLICATION,CORE_DDV10,10,2016_2020,1259,0.47186081314415773,-0.2771236826094171,1.3307919141965634,1.997657091213296,1.7027083672571084,1.2932932157681034
CAUSAL_OPEN_REPLICATION,CORE_DDV10,10,2021_2025,1255,0.4395502194429157,-0.2769682707041814,1.2726364287879748,1.8069984765822036,1.5870056823670662,1.27636076029395
CAUSAL_OPEN_REPLICATION,CORE_DDV10,10,2022_2025,1003,0.46809226490272704,-0.21607412398597214,1.3993348116697624,2.0303765998671244,2.1663503998892355,1.320403973767339
CAUSAL_OPEN_REPLICATION,CORE_DDV10,10,2022_2026_AVAILABLE,1056,0.43106966662557133,-0.21607412398597214,1.2830233036006455,1.8425771980756602,1.9950082808321696,1.289432468220275
CAUSAL_OPEN_REPLICATION,CORE_DDV10,10,2016,252,0.33856257611079976,-0.15854428017439037,1.3472346473792525,2.0741816857540214,2.135444910017559,1.2821985010282413
CAUSAL_OPEN_REPLICATION,CORE_DDV10,10,2017,251,0.3093804376100546,-0.13514516397112186,1.2463155397587322,1.6272182942123323,2.289245345665227,1.2438808142776498
CAUSAL_OPEN_REPLICATION,CORE_DDV10,10,2018,251,0.17141921127409754,-0.27712368260941733,0.6123976977848219,0.8878379139998223,0.6185657236509036,1.1264954573876382
CAUSAL_OPEN_REPLICATION,CORE_DDV10,10,2019,252,0.4040667500789066,-0.13936543190201078,1.3938391176339395,2.129289830512804,2.899332672129269,1.2777301450514253
CAUSAL_OPEN_REPLICATION,CORE_DDV10,10,2020,253,1.3883599019329753,-0.23274600028578052,2.063145587777549,3.2667870232098903,5.965128939823918,1.485096929299666
CAUSAL_OPEN_REPLICATION,CORE_DDV10,10,2021,252,0.33134274405325526,-0.26443363067109193,0.9154397776825914,1.2415275303534778,1.25302800257425,1.1682107361470846
CAUSAL_OPEN_REPLICATION,CORE_DDV10,10,2022,251,-0.09757736899010638,-0.16251018769107484,-0.38797402166768646,-0.49460701109080624,-0.6004384732826531,0.8973905633188275
CAUSAL_OPEN_REPLICATION,CORE_DDV10,10,2023,250,0.5465480739048802,-0.15962382563624644,1.753677528190473,2.7262472049711937,3.423975535772232,1.389890632178655
CAUSAL_OPEN_REPLICATION,CORE_DDV10,10,2024,252,0.7882613842286195,-0.1551848962708846,1.760114629578463,2.594709759156735,5.079498090153449,1.3606410148628376
CAUSAL_OPEN_REPLICATION,CORE_DDV10,10,2025,250,0.8619540245962598,-0.16528767320821558,1.915542439182487,2.7668748744387535,5.214871792105406,1.431587847649421
CAUSAL_OPEN_REPLICATION,CORE_DDV10,10,2026,53,-0.11745055861230758,-0.18373322774887413,-0.017187418311316205,-0.023098435633694285,-0.6392450622640699,0.9969254639799136
CAUSAL_OPEN_REPLICATION,CORE_DDV10,20,FULL,2567,0.40692743709497803,-0.28499368289981686,1.189711407693786,1.7220137469905927,1.4278472173645487,1.256988552213066
CAUSAL_OPEN_REPLICATION,CORE_DDV10,20,2016_2020,1259,0.4366647532218113,-0.27968389526392,1.2580950665044994,1.8811768994384102,1.561279575321126,1.2749930175494633
CAUSAL_OPEN_REPLICATION,CORE_DDV10,20,2021_2025,1255,0.407516971461666,-0.2849936828998182,1.2044764554011373,1.7042116804279894,1.4299158048528309,1.2597181454193935
CAUSAL_OPEN_REPLICATION,CORE_DDV10,20,2022_2025,1003,0.43935257299019215,-0.21959691183896013,1.3355883072013441,1.9310558206873092,2.000722912316674,1.303753459961753
CAUSAL_OPEN_REPLICATION,CORE_DDV10,20,2022_2026_AVAILABLE,1056,0.40160088684396533,-0.21959691183896013,1.2182238969933932,1.7432344575536185,1.8288093556546758,1.2729488648731992
CAUSAL_OPEN_REPLICATION,CORE_DDV10,20,2016,252,0.3047404247525938,-0.16576723088118772,1.2399912824164985,1.8944417348023206,1.8383634879623099,1.256816066616397
CAUSAL_OPEN_REPLICATION,CORE_DDV10,20,2017,251,0.2722794728713942,-0.13814960139730292,1.1258666241448885,1.4641418850994823,1.9709030653541204,1.2179761385739705
CAUSAL_OPEN_REPLICATION,CORE_DDV10,20,2018,251,0.14790861726010052,-0.2796838952639197,0.5575540803518122,0.8059987231900865,0.5288420955397831,1.1143997629878055
CAUSAL_OPEN_REPLICATION,CORE_DDV10,20,2019,252,0.3777566603963658,-0.14357302212625378,1.3237346289848018,2.0149574936158126,2.6311117144568983,1.2617260384240716
CAUSAL_OPEN_REPLICATION,CORE_DDV10,20,2020,253,1.3236246911172755,-0.23681252834419608,2.006042990873652,3.1649556479539784,5.58933558275873,1.4685810181799366
CAUSAL_OPEN_REPLICATION,CORE_DDV10,20,2021,252,0.2876332300118065,-0.26719112493855846,0.8323196097068553,1.1248626395434964,1.0765074254541531,1.1517364779776513
CAUSAL_OPEN_REPLICATION,CORE_DDV10,20,2022,251,-0.11097262573475608,-0.16442584038463026,-0.4596675253370792,-0.5837351546736463,-0.674909889316456,0.8797554693000819
CAUSAL_OPEN_REPLICATION,CORE_DDV10,20,2023,250,0.519228114639603,-0.16283595299494436,1.6875986538992156,2.612585577590536,3.1886576956117527,1.3730966143676284
CAUSAL_OPEN_REPLICATION,CORE_DDV10,20,2024,252,0.7425426950754219,-0.16051866037973828,1.6905779122835725,2.4837666211005094,4.625896411786592,1.3439763501985134
CAUSAL_OPEN_REPLICATION,CORE_DDV10,20,2025,250,0.82440007730833,-0.1664724227076303,1.859068016250806,2.677132772755504,4.952172040868264,1.4167888006523655
CAUSAL_OPEN_REPLICATION,CORE_DDV10,20,2026,53,-0.15241776044635358,-0.18737571783582663,-0.10139465539546351,-0.13568064213001568,-0.8134338974482156,0.981998065632243
CAUSAL_OPEN_REPLICATION,EARLY0,0,FULL,2567,0.5039869877225853,-0.2864039631218268,1.389515011269754,2.02936166206869,1.759706752061269,1.3078159076425675
CAUSAL_OPEN_REPLICATION,EARLY0,0,2016_2020,1259,0.5475573912597735,-0.2564356175072914,1.4870330835350671,2.239719602506692,2.1352626307622984,1.3350970460458504
CAUSAL_OPEN_REPLICATION,EARLY0,0,2021_2025,1255,0.4818813810136644,-0.2864039631218268,1.352188663854375,1.9285462845128334,1.682523439135121,1.2979621792019347
CAUSAL_OPEN_REPLICATION,EARLY0,0,2022_2025,1003,0.5083436119177929,-0.19749919732441257,1.4778662189533918,2.158723835331079,2.573902166715071,1.3417743249583711
CAUSAL_OPEN_REPLICATION,EARLY0,0,2022_2026_AVAILABLE,1056,0.48351792510152447,-0.19749919732441257,1.3946610006278635,2.0242649815314966,2.4482019757644737,1.3173171201823561
CAUSAL_OPEN_REPLICATION,EARLY0,0,2016,252,0.28313384927453966,-0.14379915106439367,1.2602852317825448,1.8553894225972491,1.968953552081483,1.2567757407794555
CAUSAL_OPEN_REPLICATION,EARLY0,0,2017,251,0.3287855314998265,-0.14127681075437726,1.3355227500077738,1.7485870372921601,2.3272434431681104,1.2657607221659573
CAUSAL_OPEN_REPLICATION,EARLY0,0,2018,251,0.24414418585285502,-0.2564356175072915,0.7744141067534303,1.129653657870508,0.9520681574037313,1.1624715660441156
CAUSAL_OPEN_REPLICATION,EARLY0,0,2019,252,0.5051012274444155,-0.1297162085957716,1.6570860328436803,2.546793947811345,3.893894470955733,1.3350260091465256
CAUSAL_OPEN_REPLICATION,EARLY0,0,2020,253,1.7696741515119587,-0.23259050335953013,2.3474108284061934,3.7443642388461886,7.608540013245766,1.5679775724914167
CAUSAL_OPEN_REPLICATION,EARLY0,0,2021,252,0.38107915548300686,-0.2864039631218268,1.0012756675080516,1.358107493101589,1.330565231462626,1.18884677289449
CAUSAL_OPEN_REPLICATION,EARLY0,0,2022,251,-0.06961663817366703,-0.16059071404563385,-0.2537290420115241,-0.32012637717712494,-0.43350350976012597,0.9326401607949671
CAUSAL_OPEN_REPLICATION,EARLY0,0,2023,250,0.5498364574517154,-0.15820876915505533,1.7058785391883544,2.6738596065192968,3.4753854693910067,1.3779635302607842
CAUSAL_OPEN_REPLICATION,EARLY0,0,2024,252,0.872008419848058,-0.15324789187380805,1.8449677176214807,2.7381594845657378,5.690182156411738,1.3863499173847305
CAUSAL_OPEN_REPLICATION,EARLY0,0,2025,250,0.9179374566947212,-0.14390283001675142,2.030243496830016,2.95131829221401,6.37887007912121,1.462388039910222
CAUSAL_OPEN_REPLICATION,EARLY0,0,2026,53,0.08366350378857801,-0.17670187498131829,0.40242467679002153,0.5584647332309106,0.4734726431025324,1.072354373656994
CAUSAL_OPEN_REPLICATION,EARLY0,5,FULL,2567,0.48653547542950126,-0.28766992122318136,1.3548198595735899,1.975140736576279,1.6912976975859606,1.2989794604316873
CAUSAL_OPEN_REPLICATION,EARLY0,5,2016_2020,1259,0.5294348699363816,-0.25770785933560325,1.4515801554581707,2.1822457133269264,2.0543993935664897,1.3257707704069932
CAUSAL_OPEN_REPLICATION,EARLY0,5,2021_2025,1255,0.46533800460927965,-0.2876699212231816,1.3186468410185863,1.8775245177124966,1.6176109154222582,1.2895268063999406
CAUSAL_OPEN_REPLICATION,EARLY0,5,2022_2025,1003,0.4934064410908392,-0.19924691692171947,1.4461742758115905,2.108755061307814,2.4763567171515617,1.3332573976596545
CAUSAL_OPEN_REPLICATION,EARLY0,5,2022_2026_AVAILABLE,1056,0.4681130250023975,-0.19924691692171947,1.3623005233232983,1.9737304903148896,2.3494116357459656,1.308849102688656
CAUSAL_OPEN_REPLICATION,EARLY0,5,2016,252,0.2667995974759172,-0.14754980070152013,1.2014482867740184,1.7622378220008412,1.8082003242798586,1.2432455956123254
CAUSAL_OPEN_REPLICATION,EARLY0,5,2017,251,0.3099696358645103,-0.1427698511688722,1.2745209293152087,1.6651308212287053,2.171114092553543,1.2522732320321737
CAUSAL_OPEN_REPLICATION,EARLY0,5,2018,251,0.23151363883633347,-0.25770785933560325,0.7469421137778758,1.0879706668832514,0.898356920247597,1.1561840193802655
CAUSAL_OPEN_REPLICATION,EARLY0,5,2019,252,0.4916190989360274,-0.13051730678896634,1.6235987204257682,2.4910917476264607,3.7666966246164364,1.3270509308754859
CAUSAL_OPEN_REPLICATION,EARLY0,5,2020,253,1.734932785470948,-0.23461633665825765,2.3216753414514484,3.697191477739255,7.3947654719289755,1.5600095710702115
CAUSAL_OPEN_REPLICATION,EARLY0,5,2021,252,0.358752897425646,-0.2876699212231816,0.9612465737554355,1.3017172455607644,1.2470990915568,1.180625482032485
CAUSAL_OPEN_REPLICATION,EARLY0,5,2022,251,-0.0767729411936835,-0.16155092930091952,-0.2918830329711223,-0.3675470956898576,-0.4752243860552433,0.9229844728549418
CAUSAL_OPEN_REPLICATION,EARLY0,5,2023,250,0.535844634789467,-0.1598078527380279,1.6736599287207004,2.6179530910050595,3.3530557204086464,1.3697334064215088
CAUSAL_OPEN_REPLICATION,EARLY0,5,2024,252,0.8479861100678743,-0.15491388141558282,1.811377071451613,2.6839869992888907,5.473919459761048,1.3780201469085804
CAUSAL_OPEN_REPLICATION,EARLY0,5,2025,250,0.8986848309612181,-0.14441335721463555,2.001950876969428,2.905675227887387,6.223003524705407,1.4546561576327788
CAUSAL_OPEN_REPLICATION,EARLY0,5,2026,53,0.06259395521453093,-0.17849871604393364,0.35945449016738246,0.4976549830645836,0.3506689381402876,1.0643862047312265
CAUSAL_OPEN_REPLICATION,EARLY0,10,FULL,2567,0.46927784841028886,-0.28893447887244217,1.320062418388314,1.9210154222813092,1.6241670092182527,1.290175485669108
CAUSAL_OPEN_REPLICATION,EARLY0,10,2016_2020,1259,0.5115151120698822,-0.25897768629608087,1.4160627259850058,2.1248727550861597,1.975131986796281,1.3164980526127437
CAUSAL_OPEN_REPLICATION,EARLY0,10,2021_2025,1255,0.448971941893362,-0.2889344788724424,1.2850450492831293,1.8265869811958404,1.553888423581224,1.281109025050639
CAUSAL_OPEN_REPLICATION,EARLY0,10,2022_2025,1003,0.4786108644848306,-0.20099151507412694,1.4144228448325875,2.0588682609035724,2.3812491005320093,1.3247736483390882
CAUSAL_OPEN_REPLICATION,EARLY0,10,2022_2026_AVAILABLE,1056,0.4528611040664454,-0.20099151507412694,1.3298800929157497,1.9232874210698179,2.253135431609774,1.3004086779141226
CAUSAL_OPEN_REPLICATION,EARLY0,10,2016,252,0.2506610961465181,-0.15128727293159727,1.1424438218389215,1.6694998066200484,1.656855142466951,1.229868705847206
CAUSAL_OPEN_REPLICATION,EARLY0,10,2017,251,0.2914096122871206,-0.14426059877667996,1.2133985857931862,1.5818893035569674,2.0200222011987625,1.238922379681828
CAUSAL_OPEN_REPLICATION,EARLY0,10,2018,251,0.21900608192480875,-0.2589776862960811,0.7194397142734648,1.0463622022745753,0.845656183963378,1.1499314352672252
CAUSAL_OPEN_REPLICATION,EARLY0,10,2019,252,0.4782531523093936,-0.13131770831712974,1.590060743001559,2.4354646709065615,3.641954755671043,1.3190494747067092
CAUSAL_OPEN_REPLICATION,EARLY0,10,2020,253,1.700611076345477,-0.23663739479637513,2.2958901460218413,3.6500781375078826,7.1865694676398935,1.552086101994957
CAUSAL_OPEN_REPLICATION,EARLY0,10,2021,252,0.3367764613345039,-0.2889344788724424,0.9211571569868477,1.2454259836046466,1.1655807318280715,1.1724076031661455
CAUSAL_OPEN_REPLICATION,EARLY0,10,2022,251,-0.08387625029176693,-0.16251018769107484,-0.33003366332835377,-0.41477868092274084,-0.5161291823206322,0.913443955151054
CAUSAL_OPEN_REPLICATION,EARLY0,10,2023,250,0.5219724295837767,-0.1614044440036102,1.6413736665661514,2.5621798513703524,3.233940879422759,1.3615473135811165
CAUSAL_OPEN_REPLICATION,EARLY0,10,2024,252,0.8242600710994403,-0.15657730303853856,1.7777115984873648,2.629862827897099,5.264237249613146,1.3697244295879534
CAUSAL_OPEN_REPLICATION,EARLY0,10,2025,250,0.879618142111309,-0.14492369615599665,1.973600248313098,2.8600861422526087,6.069526001907122,1.4468835369287514
CAUSAL_OPEN_REPLICATION,EARLY0,10,2026,53,0.04191863953826158,-0.1802929475032159,0.3164205947134536,0.4370439443862797,0.232502935465703,1.0564500233526621
CAUSAL_OPEN_REPLICATION,EARLY0,20,FULL,2567,0.4353343498771327,-0.29145939576320434,1.2503686570294033,1.813057890554453,1.4936363562313129,1.2726943890140527
CAUSAL_OPEN_REPLICATION,EARLY0,20,2016_2020,1259,0.4762738722062121,-0.2615107609968592,1.344843771491291,2.0104429883169974,1.8212400529549613,1.2980935845497845
CAUSAL_OPEN_REPLICATION,EARLY0,20,2021_2025,1255,0.4167624159279115,-0.29145939576320445,1.2176677290599358,1.7249678354821527,1.4299158715971167,1.2644048543982587
CAUSAL_OPEN_REPLICATION,EARLY0,20,2022_2025,1003,0.44943727332105365,-0.2044713646992936,1.3507463922179592,1.959347990276481,2.1980450611361637,1.3079633149385754
CAUSAL_OPEN_REPLICATION,EARLY0,20,2022_2026_AVAILABLE,1056,0.42280845315421756,-0.2044713646992936,1.2648650231949896,1.822678404184968,2.0678125456638976,1.2836542569164762
CAUSAL_OPEN_REPLICATION,EARLY0,20,2016,252,0.2189616317503833,-0.15872346676527738,1.0239873296497344,1.4853227829099473,1.3795164395834865,1.2033794949971723
CAUSAL_OPEN_REPLICATION,EARLY0,20,2017,251,0.25504317218510897,-0.1472352289622083,1.09084565480397,1.416108426910522,1.7322156795135784,1.2125494641569343
CAUSAL_OPEN_REPLICATION,EARLY0,20,2018,251,0.19435430466510084,-0.26151076099685866,0.6643470765960549,0.9633740994269221,0.7431981151530337,1.1375143018437026
CAUSAL_OPEN_REPLICATION,EARLY0,20,2019,252,0.45186239846910703,-0.13291642326725062,1.5228349713100184,2.3244369199400325,3.39959793802578,1.30322700997187
CAUSAL_OPEN_REPLICATION,EARLY0,20,2020,253,1.6332071593521036,-0.24066522504768906,2.2441749412755323,3.5560402268844036,6.786219982668768,1.5363712665193858
CAUSAL_OPEN_REPLICATION,EARLY0,20,2021,252,0.29384994416677523,-0.29145939576320445,0.8408071543061371,1.1331417588456627,1.0082019946459815,1.1560808879976747
CAUSAL_OPEN_REPLICATION,EARLY0,20,2022,251,-0.09792539937140055,-0.16442584038463015,-0.4063070670928787,-0.5086569320266978,-0.5955596708055761,0.8947039631059058
CAUSAL_OPEN_REPLICATION,EARLY0,20,2023,250,0.4945817524078828,-0.16459016289546524,1.5766069118795256,2.451044438224737,3.0049289927612644,1.3453051218406635
CAUSAL_OPEN_REPLICATION,EARLY0,20,2024,252,0.7776781492160305,-0.15989865088144306,1.7101582975755316,2.5217672340710857,4.863569172904657,1.3532781285327256
CAUSAL_OPEN_REPLICATION,EARLY0,20,2025,250,0.8420314250071206,-0.14594380947895202,1.9167251671906955,2.769065833951513,5.769559037915603,1.4314414572779068
CAUSAL_OPEN_REPLICATION,EARLY0,20,2026,53,0.0017224948000973406,-0.1838735897276369,0.23017668372229633,0.31642502443195764,0.009367820591574838,1.0406893836523958
CAUSAL_OPEN_REPLICATION,CORE_DDV50,0,FULL,2567,0.5093902645063775,-0.3304097524399653,1.3791165737440796,2.0182455822329954,1.541692582451641,1.3059013013065828
CAUSAL_OPEN_REPLICATION,CORE_DDV50,0,2016_2020,1259,0.5871950377836874,-0.2367161582194922,1.5437804618154343,2.339287079335395,2.480587054979229,1.3478865558465762
CAUSAL_OPEN_REPLICATION,CORE_DDV50,0,2021_2025,1255,0.44469523422753787,-0.3304097524399654,1.2549709909141058,1.7848241458131178,1.3458901589423813,1.2764997612016704
CAUSAL_OPEN_REPLICATION,CORE_DDV50,0,2022_2025,1003,0.4641575296063267,-0.19656597530875308,1.370300995252903,2.0010868138879507,2.361332010167366,1.3151264309507997
CAUSAL_OPEN_REPLICATION,CORE_DDV50,0,2022_2026_AVAILABLE,1056,0.45491144626948454,-0.19656597530875308,1.3194897210842869,1.9192205724901703,2.314293944081315,1.299775935978854
CAUSAL_OPEN_REPLICATION,CORE_DDV50,0,2016,252,0.19635522849063025,-0.17626728611486975,0.9283715533000094,1.3447675478125012,1.1139629639652453,1.1822351261182666
CAUSAL_OPEN_REPLICATION,CORE_DDV50,0,2017,251,0.2863511025054797,-0.11724910877334738,1.1815266324295817,1.531708050182681,2.4422454507438602,1.229792761831957
CAUSAL_OPEN_REPLICATION,CORE_DDV50,0,2018,251,0.2980761201073716,-0.22888314878609506,0.8830818906508402,1.2898136687213144,1.302306970557896,1.187154424938212
CAUSAL_OPEN_REPLICATION,CORE_DDV50,0,2019,252,0.6179600304598598,-0.12989071242080064,1.833646202174569,2.7970361304845355,4.757538233048447,1.3752148026999729
CAUSAL_OPEN_REPLICATION,CORE_DDV50,0,2020,253,2.1031280208693,-0.23671615821949232,2.572477528813095,4.206269485851863,8.88459848574933,1.639795807183624
CAUSAL_OPEN_REPLICATION,CORE_DDV50,0,2021,252,0.36976255100879074,-0.3304097524399654,0.9553658022071349,1.290456590466634,1.119103017626502,1.1821988849433482
CAUSAL_OPEN_REPLICATION,CORE_DDV50,0,2022,251,-0.036369489677442024,-0.1539725613348324,-0.08867113113871977,-0.11370122848311204,-0.23620760323881387,0.9757419398489326
CAUSAL_OPEN_REPLICATION,CORE_DDV50,0,2023,250,0.5464871716679609,-0.13887727490847435,1.7024916138942245,2.696796399109036,3.935036686370162,1.3736845554845
CAUSAL_OPEN_REPLICATION,CORE_DDV50,0,2024,252,0.6177540188733139,-0.16252043521829196,1.4312463739727663,2.07250447690311,3.8010851868786077,1.287796837717817
CAUSAL_OPEN_REPLICATION,CORE_DDV50,0,2025,250,0.9079279985878153,-0.14390283001675142,1.9889208821519413,2.9330522694184307,6.309313016860928,1.4602019742128036
CAUSAL_OPEN_REPLICATION,CORE_DDV50,0,2026,53,0.2905372782814979,-0.14539000852247552,0.7717579385920158,1.0968368882197908,1.9983304302274965,1.1439676081114687
CAUSAL_OPEN_REPLICATION,CORE_DDV50,5,FULL,2567,0.49176373363137027,-0.3317668488783728,1.3449018279751637,1.9646301803548694,1.4822569985334881,1.2971620525095429
CAUSAL_OPEN_REPLICATION,CORE_DDV50,5,2016_2020,1259,0.5689508480497345,-0.23981366597755605,1.5096045558284674,2.2834032608468378,2.3724705000881063,1.338827185052618
CAUSAL_OPEN_REPLICATION,CORE_DDV50,5,2021_2025,1255,0.42806518330234233,-0.3317668488783728,1.2210850227134138,1.7335695309017338,1.2902590621984444,1.2680318986475487
CAUSAL_OPEN_REPLICATION,CORE_DDV50,5,2022_2025,1003,0.44939298721738075,-0.19826042788620346,1.3383902747970626,1.9508604819326913,2.266680204459768,1.3066879197727308
CAUSAL_OPEN_REPLICATION,CORE_DDV50,5,2022_2026_AVAILABLE,1056,0.4395165434106729,-0.19826042788620346,1.2870012897836864,1.868380968468239,2.2168646970889445,1.2913428151185307
CAUSAL_OPEN_REPLICATION,CORE_DDV50,5,2016,252,0.18184197709447658,-0.17923588861861828,0.872903419506919,1.260181557048877,1.0145399924978395,1.1703042895457871
CAUSAL_OPEN_REPLICATION,CORE_DDV50,5,2017,251,0.26784127268379754,-0.11859712617173768,1.1206716527449692,1.44957826240775,2.2584128412685396,1.2168180468690935
CAUSAL_OPEN_REPLICATION,CORE_DDV50,5,2018,251,0.28612996995448614,-0.2302080001975746,0.858549918572459,1.2523606392340711,1.2429193151798237,1.1814136480132273
CAUSAL_OPEN_REPLICATION,CORE_DDV50,5,2019,252,0.6032852063412857,-0.13055335487229658,1.8017963924366807,2.7442228675063105,4.620985856176591,1.3673551225007277
CAUSAL_OPEN_REPLICATION,CORE_DDV50,5,2020,253,2.0638222345466857,-0.23981366597755627,2.546563790914306,4.156768418023132,8.605940892208515,1.6312765244012504
CAUSAL_OPEN_REPLICATION,CORE_DDV50,5,2021,252,0.3462424262337238,-0.3317668488783728,0.9146994447995184,1.2335784115288304,1.04363177756997,1.1737265486150377
CAUSAL_OPEN_REPLICATION,CORE_DDV50,5,2022,251,-0.043631444967727306,-0.15494088362432423,-0.1271477156853369,-0.1627179414594365,-0.2816005946727258,0.9654214698139565
CAUSAL_OPEN_REPLICATION,CORE_DDV50,5,2023,250,0.5322637202620322,-0.140607083317852,1.669750879033377,2.638877247459861,3.7854687523729753,1.365320634023742
CAUSAL_OPEN_REPLICATION,CORE_DDV50,5,2024,252,0.5958382357919829,-0.16625664649873284,1.3964641138135125,2.018688522176884,3.5838461098547674,1.279826368982097
CAUSAL_OPEN_REPLICATION,CORE_DDV50,5,2025,250,0.888794767744739,-0.14441335721463555,1.9612609865748212,2.8873319455543975,6.154519117118511,1.4525220026444765
CAUSAL_OPEN_REPLICATION,CORE_DDV50,5,2026,53,0.2647956430583347,-0.14725735584314714,0.7295790506830478,1.0343926421218317,1.7981827905451786,1.1355815434822318
CAUSAL_OPEN_REPLICATION,CORE_DDV50,10,FULL,2567,0.47433436971968423,-0.3331217790137865,1.310627678012365,1.9111129617714493,1.4239068100679588,1.2884658241416485
CAUSAL_OPEN_REPLICATION,CORE_DDV50,10,2016_2020,1259,0.5509069435738896,-0.24289989862833117,1.4753653483874436,2.227608306992815,2.2680410600617407,1.329811061231155
CAUSAL_OPEN_REPLICATION,CORE_DDV50,10,2021_2025,1255,0.41161905265194854,-0.3331217790137867,1.1871451413454612,1.6824153178612342,1.2356413737659377,1.2596056074279711
CAUSAL_OPEN_REPLICATION,CORE_DDV50,10,2022_2025,1003,0.4347709018829329,-0.19995192743410795,1.306421292788852,1.9007328660747813,2.1743771488584778,1.298294709221505
CAUSAL_OPEN_REPLICATION,CORE_DDV50,10,2022_2026_AVAILABLE,1056,0.42427743255273676,-0.19995192743410795,1.2544524166289224,1.8176459642420322,2.1218971879756094,1.2829558261950806
CAUSAL_OPEN_REPLICATION,CORE_DDV50,10,2016,252,0.16749553706471176,-0.1821956866410671,0.8173097115176093,1.175961979339144,0.9193166981756531,1.1585029450384758
CAUSAL_OPEN_REPLICATION,CORE_DDV50,10,2017,251,0.2495879371316978,-0.11994368341535089,1.0596918875426555,1.3676650064090436,2.0808760413618788,1.2039671701594303
CAUSAL_OPEN_REPLICATION,CORE_DDV50,10,2018,251,0.2742885628488487,-0.23153050847159995,0.8339852796343079,1.2149542113163312,1.1846756812288242,1.1756866900941765
CAUSAL_OPEN_REPLICATION,CORE_DDV50,10,2019,252,0.5887377499427886,-0.13121559200473465,1.7698918824127454,2.69145781572014,4.486797193442873,1.3594595237322
CAUSAL_OPEN_REPLICATION,CORE_DDV50,10,2020,253,2.0249934865342256,-0.24289989862833172,2.5205969869755234,4.1073275166827585,8.336740764279723,1.622807896131219
CAUSAL_OPEN_REPLICATION,CORE_DDV50,10,2021,252,0.3231147024623007,-0.3331217790137867,0.8739916528296268,1.1768184241189399,0.9699597048829646,1.165296808684378
CAUSAL_OPEN_REPLICATION,CORE_DDV50,10,2022,251,-0.05084143617449555,-0.15590822179442965,-0.1656378692824859,-0.21155953454613877,-0.32609849300655697,0.9552216896378218
CAUSAL_OPEN_REPLICATION,CORE_DDV50,10,2023,250,0.5181643049425322,-0.14233413099177394,1.6369325766517777,2.5811037267648267,3.6404782277588708,1.3570034756633862
CAUSAL_OPEN_REPLICATION,CORE_DDV50,10,2024,252,0.5742086690217985,-0.16997848883046218,1.3616242411178623,1.964965467424148,3.3781255085431336,1.2718948344165053
CAUSAL_OPEN_REPLICATION,CORE_DDV50,10,2025,250,0.8698463984439442,-0.14492369615599665,1.9335406260594112,2.841678383320157,6.002099184026033,1.4448787787953064
CAUSAL_OPEN_REPLICATION,CORE_DDV50,10,2026,53,0.23954933231151676,-0.14912196109308984,0.6873158680865603,0.97212761706521,1.606398752776443,1.1272461065633759
CAUSAL_OPEN_REPLICATION,CORE_DDV50,20,FULL,2567,0.44005708265626287,-0.3358253078497405,1.2419082844896712,1.804384131329568,1.3103749847618964,1.2712397641898676
CAUSAL_OPEN_REPLICATION,CORE_DDV50,20,2016_2020,1259,0.5154103497722815,-0.2490386852589499,1.4067049171356085,2.11629920023552,2.0695995452929687,1.311958380870358
CAUSAL_OPEN_REPLICATION,CORE_DDV50,20,2021_2025,1255,0.3792687168245259,-0.3358253078497405,1.1191096111556664,1.5804160322318468,1.12936311814303,1.242908296884396
CAUSAL_OPEN_REPLICATION,CORE_DDV50,20,2022_2025,1003,0.40594764366010594,-0.20332608386775342,1.2423150642665841,1.8007834517360144,1.9965350039601455,1.281662641077152
CAUSAL_OPEN_REPLICATION,CORE_DDV50,20,2022_2026_AVAILABLE,1056,0.3942594230011254,-0.20332608386775342,1.189180370957554,1.7164998703251013,1.9390499020163006,1.2663359664612508
CAUSAL_OPEN_REPLICATION,CORE_DDV50,20,2016,252,0.13929532426340208,-0.18808933429366903,0.7057878475334584,1.0086888896117476,0.7405806649616637,1.135279992797573
CAUSAL_OPEN_REPLICATION,CORE_DDV50,20,2017,251,0.21383329225878467,-0.12263242180114198,0.9373938330398491,1.2045213038911387,1.74369297383307,1.1785836195793045
CAUSAL_OPEN_REPLICATION,CORE_DDV50,20,2018,251,0.2509157507280053,-0.23416856543905518,0.7847607439573219,1.1402843999315766,1.0715176490813356,1.1643116078891182
CAUSAL_OPEN_REPLICATION,CORE_DDV50,20,2019,252,0.5600207275438243,-0.13253885065287596,1.7059273960508643,2.586080948947601,4.22533260840279,1.3438405871377161
CAUSAL_OPEN_REPLICATION,CORE_DDV50,20,2020,253,1.9487449900842218,-0.2490386852589499,2.4685085888049496,4.008638039621936,7.825069378510093,1.6060208109906262
CAUSAL_OPEN_REPLICATION,CORE_DDV50,20,2021,252,0.27800608655858117,-0.3358253078497405,0.7924554015688435,1.063657353194233,0.8278294698473719,1.1486091932368647
CAUSAL_OPEN_REPLICATION,CORE_DDV50,20,2022,251,-0.06510695617462081,-0.15783995248600147,-0.24264163143872766,-0.30870048195888583,-0.41248717545321756,0.9351734593429055
CAUSAL_OPEN_REPLICATION,CORE_DDV50,20,2023,250,0.49033349070048593,-0.14577995756061646,1.5710751316235971,2.4660112980319657,3.363517858733094,1.34050729633703
CAUSAL_OPEN_REPLICATION,CORE_DDV50,20,2024,252,0.5317938117364989,-0.17737925687335776,1.2917808302524183,1.857813286546061,2.998060884403073,1.2561779101247124
CAUSAL_OPEN_REPLICATION,CORE_DDV50,20,2025,250,0.8324910928715832,-0.14594380947895202,1.8779151949028152,2.7505667353976446,5.704189138571477,1.4296941414610924
CAUSAL_OPEN_REPLICATION,CORE_DDV50,20,2026,53,0.19050596981750556,-0.15284295456022123,0.6025495227943357,0.8481508793043684,1.2464164302872385,1.1107253088120703
CAUSAL_OPEN_REPLICATION,CORE_DDV20_REFILL,0,FULL,2567,0.48620483389114066,-0.29480583563576845,1.3559158796781146,1.974073545529027,1.649237481485424,1.2993746672607516
CAUSAL_OPEN_REPLICATION,CORE_DDV20_REFILL,0,2016_2020,1259,0.5229593983042613,-0.2564356175072916,1.440699315725407,2.1617921616101885,2.0393399457834334,1.3221609083036618
CAUSAL_OPEN_REPLICATION,CORE_DDV20_REFILL,0,2021_2025,1255,0.4696998009661031,-0.29480583563576845,1.3294338778579977,1.8907197450751407,1.593251368152751,1.2931619094128617
CAUSAL_OPEN_REPLICATION,CORE_DDV20_REFILL,0,2022_2025,1003,0.49927982396256176,-0.19763671364977953,1.4624824809782446,2.1350817650969534,2.5262503850742344,1.3384905264475373
CAUSAL_OPEN_REPLICATION,CORE_DDV20_REFILL,0,2022_2026_AVAILABLE,1056,0.47504945643817154,-0.19763671364977953,1.3800609571453366,2.0020136917314333,2.4036498465562373,1.314236597884687
CAUSAL_OPEN_REPLICATION,CORE_DDV20_REFILL,0,2016,252,0.27688144632187517,-0.15402111670767682,1.2280233227798698,1.804844977097406,1.7976849684019638,1.2506311902954006
CAUSAL_OPEN_REPLICATION,CORE_DDV20_REFILL,0,2017,251,0.3339356915619178,-0.14127681075437737,1.3574278113765401,1.7721500060371878,2.363697833910588,1.2682624181362485
CAUSAL_OPEN_REPLICATION,CORE_DDV20_REFILL,0,2018,251,0.17173700044790396,-0.2564356175072916,0.6107317695647654,0.8799527233862863,0.66970806207535,1.1254592467090967
CAUSAL_OPEN_REPLICATION,CORE_DDV20_REFILL,0,2019,252,0.5051012274444155,-0.1297162085957716,1.6570860328436807,2.546793947811346,3.893894470955733,1.3350260091465254
CAUSAL_OPEN_REPLICATION,CORE_DDV20_REFILL,0,2020,253,1.7169553564796085,-0.23281586625532036,2.325341252730186,3.7151979086049685,7.374735167734181,1.5625705506293217
CAUSAL_OPEN_REPLICATION,CORE_DDV20_REFILL,0,2021,252,0.35763835144465395,-0.29480583563576845,0.9586068283908762,1.2912386302554648,1.213131859053546,1.1808560584502379
CAUSAL_OPEN_REPLICATION,CORE_DDV20_REFILL,0,2022,251,-0.06801210294519044,-0.16059071404563385,-0.24416973099946604,-0.31021839872138135,-0.42351205266989445,0.9338557538603717
CAUSAL_OPEN_REPLICATION,CORE_DDV20_REFILL,0,2023,250,0.4995889345883391,-0.15820876915505533,1.6205941729546516,2.510590151837307,3.1577828287046974,1.3565974562974032
CAUSAL_OPEN_REPLICATION,CORE_DDV20_REFILL,0,2024,252,0.8851418941751892,-0.1541097762463619,1.8592253917320107,2.767844874803696,5.743580425165174,1.3878230354946195
CAUSAL_OPEN_REPLICATION,CORE_DDV20_REFILL,0,2025,250,0.91793745669472,-0.14390283001675142,2.0302434968300154,2.95131829221401,6.378870079121202,1.4623880399102227
CAUSAL_OPEN_REPLICATION,CORE_DDV20_REFILL,0,2026,53,0.0836635037885769,-0.1767018749813184,0.402424676790021,0.5584647332309098,0.4734726431025258,1.072354373656994
CAUSAL_OPEN_REPLICATION,CORE_DDV20_REFILL,5,FULL,2567,0.4690752231858317,-0.2960781872490177,1.321380141268071,1.9203505406599304,1.5842951064521151,1.2906494584626564
CAUSAL_OPEN_REPLICATION,CORE_DDV20_REFILL,5,2016_2020,1259,0.5052554573936283,-0.25770785933560336,1.40544131233253,2.104984488689316,1.9605744997309256,1.3130262745788739
CAUSAL_OPEN_REPLICATION,CORE_DDV20_REFILL,5,2021_2025,1255,0.45339984291052704,-0.29607818724901824,1.2960281560363505,1.8400860302789308,1.531351725445389,1.2847754544624088
CAUSAL_OPEN_REPLICATION,CORE_DDV20_REFILL,5,2022_2025,1003,0.48459507215214437,-0.19938138450614218,1.4310436473639527,2.08552752156824,2.430493064096542,1.330045507488992
CAUSAL_OPEN_REPLICATION,CORE_DDV20_REFILL,5,2022_2026_AVAILABLE,1056,0.4598844183253519,-0.19938138450614218,1.3479334207239522,1.9518630879446122,2.306556449412079,1.305833332208697
CAUSAL_OPEN_REPLICATION,CORE_DDV20_REFILL,5,2016,252,0.26066621345647367,-0.1577342968485882,1.1699371947541686,1.7131730041682267,1.6525652230642747,1.237271569897085
CAUSAL_OPEN_REPLICATION,CORE_DDV20_REFILL,5,2017,251,0.3156161099819319,-0.14276985116887164,1.2979858300440952,1.6911157750004964,2.210663577764843,1.2552930606297954
CAUSAL_OPEN_REPLICATION,CORE_DDV20_REFILL,5,2018,251,0.1599510570785947,-0.25770785933560314,0.5836799839991902,0.8397851821998247,0.6206681375219392,1.1195180405521883
CAUSAL_OPEN_REPLICATION,CORE_DDV20_REFILL,5,2019,252,0.4916190989360274,-0.13051730678896634,1.623598720425769,2.4910917476264616,3.7666966246164364,1.3270509308754863
CAUSAL_OPEN_REPLICATION,CORE_DDV20_REFILL,5,2020,253,1.6825462373842557,-0.23484280247401046,2.2990802674216457,3.666976710453346,7.164563783343794,1.5544637861301096
CAUSAL_OPEN_REPLICATION,CORE_DDV20_REFILL,5,2021,252,0.3356002144703094,-0.29607818724901824,0.9184126680263128,1.235130170467679,1.1334851026632737,1.1726351442275347
CAUSAL_OPEN_REPLICATION,CORE_DDV20_REFILL,5,2022,251,-0.07489612941357315,-0.16155092930091952,-0.280738766417287,-0.3559823962440094,-0.46360692406829046,0.9244103963064103
CAUSAL_OPEN_REPLICATION,CORE_DDV20_REFILL,5,2023,250,0.48610994000905206,-0.1598078527380281,1.587715638041584,2.454544827878835,3.041840132887141,1.3483257211642738
CAUSAL_OPEN_REPLICATION,CORE_DDV20_REFILL,5,2024,252,0.8611187409943204,-0.15577290757993079,1.8259823883577802,2.7139332785322448,5.528039210235964,1.3796081567601788
CAUSAL_OPEN_REPLICATION,CORE_DDV20_REFILL,5,2025,250,0.8986848309612181,-0.14441335721463555,2.001950876969428,2.905675227887387,6.223003524705407,1.454656157632779
CAUSAL_OPEN_REPLICATION,CORE_DDV20_REFILL,5,2026,53,0.06259395521453204,-0.17849871604393341,0.35945449016738157,0.4976549830645823,0.35066893814029426,1.064386204731226
CAUSAL_OPEN_REPLICATION,CORE_DDV20_REFILL,10,FULL,2567,0.4521348521146962,-0.2973490878735169,1.2867835258576834,1.8667246977622012,1.5205523425281882,1.2819557843579619
CAUSAL_OPEN_REPLICATION,CORE_DDV20_REFILL,10,2016_2020,1259,0.4877484418260549,-0.258977686296081,1.3701199909863642,2.0482790952018184,1.8833608748377944,1.3039423617189185
CAUSAL_OPEN_REPLICATION,CORE_DDV20_REFILL,10,2021_2025,1255,0.43727358018579343,-0.29734908787351655,1.2625641362531832,1.789538395975964,1.4705731344694644,1.2764066616621783
CAUSAL_OPEN_REPLICATION,CORE_DDV20_REFILL,10,2022_2025,1003,0.470048136538177,-0.20112294295199218,1.3995453324790366,2.036054923080655,2.3371184293498377,1.3216328107222135
CAUSAL_OPEN_REPLICATION,CORE_DDV20_REFILL,10,2022_2026_AVAILABLE,1056,0.44486860485056745,-0.20112294295199218,1.3157459660679431,1.9018036259326982,2.2119237035864034,1.297456940842307
CAUSAL_OPEN_REPLICATION,CORE_DDV20_REFILL,10,2016,252,0.2446447187894054,-0.16143445900234565,1.1116804117155346,1.621893625479229,1.5154429872116133,1.2240617033292538
CAUSAL_OPEN_REPLICATION,CORE_DDV20_REFILL,10,2017,251,0.29753896367242527,-0.1442605987766803,1.2384265280124231,1.6102853364894845,2.0625102501690322,1.242442180985732
CAUSAL_OPEN_REPLICATION,CORE_DDV20_REFILL,10,2018,251,0.1482792385770546,-0.258977686296081,0.5566009508509405,0.7996894235208445,0.5725560402432959,1.113608810176854
CAUSAL_OPEN_REPLICATION,CORE_DDV20_REFILL,10,2019,252,0.4782531523093936,-0.13131770831712974,1.590060743001559,2.4354646709065615,3.641954755671043,1.3190494747067087
CAUSAL_OPEN_REPLICATION,CORE_DDV20_REFILL,10,2020,253,1.6485569167008145,-0.23686495815117514,2.2727688280417464,3.6188221526057367,6.959902087537365,1.5464018891594233
CAUSAL_OPEN_REPLICATION,CORE_DDV20_REFILL,10,2021,252,0.3139089678538445,-0.29734908787351655,0.8781648873687055,1.1791278752847412,1.0556917127231007,1.1644208151667115
CAUSAL_OPEN_REPLICATION,CORE_DDV20_REFILL,10,2022,251,-0.08173088644434356,-0.16251018769107484,-0.317306615233466,-0.40156536397454456,-0.5029277709020348,0.9150763885776544
CAUSAL_OPEN_REPLICATION,CORE_DDV20_REFILL,10,2023,250,0.47274596523486334,-0.1614044440036102,1.5547695821654208,2.398638452106686,2.9289525957803817,1.3400987451912156
CAUSAL_OPEN_REPLICATION,CORE_DDV20_REFILL,10,2024,252,0.8373896496453654,-0.15743380203621626,1.7926640709555024,2.660070076368721,5.318995278108899,1.371425625512867
CAUSAL_OPEN_REPLICATION,CORE_DDV20_REFILL,10,2025,250,0.879618142111309,-0.14492369615599665,1.973600248313098,2.8600861422526083,6.069526001907122,1.4468835369287512
CAUSAL_OPEN_REPLICATION,CORE_DDV20_REFILL,10,2026,53,0.04191863953826269,-0.1802929475032159,0.31642059471345274,0.4370439443862785,0.23250293546570913,1.056450023352662
CAUSAL_OPEN_REPLICATION,CORE_DDV20_REFILL,20,FULL,2567,0.4188123353671631,-0.29988653941552024,1.2174160247466523,1.759769386446396,1.3965693031218727,1.2646749472952716
CAUSAL_OPEN_REPLICATION,CORE_DDV20_REFILL,20,2016_2020,1259,0.4533153967295265,-0.2615107609968589,1.2992967066329482,1.935183739743384,1.7334483483644156,1.2858714267529485
CAUSAL_OPEN_REPLICATION,CORE_DDV20_REFILL,20,2021_2025,1255,0.4055333914656183,-0.29988653941552024,1.1954682323303996,1.688705691288284,1.352289410041558,1.2597985622869368
CAUSAL_OPEN_REPLICATION,CORE_DDV20_REFILL,20,2022_2025,1003,0.44136118936114044,-0.20459674020000784,1.3363761356993287,1.9373633268641617,2.157224933934326,1.3049598958771116
CAUSAL_OPEN_REPLICATION,CORE_DDV20_REFILL,20,2022_2026_AVAILABLE,1056,0.41527757378507824,-0.20459674020000784,1.25119789319228,1.8019622014864187,2.0297370005949995,1.2808266859070758
CAUSAL_OPEN_REPLICATION,CORE_DDV20_REFILL,20,2016,252,0.21317286725511675,-0.16879681708232763,0.9947068683545127,1.4405694726174745,1.262896249703248,1.197902231234638
CAUSAL_OPEN_REPLICATION,CORE_DDV20_REFILL,20,2017,251,0.2620991418837404,-0.14723522896220798,1.1190096478239597,1.449264435298747,1.7801387869679983,1.2168385555263865
CAUSAL_OPEN_REPLICATION,CORE_DDV20_REFILL,20,2018,251,0.12527271621245384,-0.2615107609968589,0.5023643183794458,0.7197179422945442,0.479034651327249,1.101874087164533
CAUSAL_OPEN_REPLICATION,CORE_DDV20_REFILL,20,2019,252,0.45186239846910703,-0.13291642326725062,1.522834971310019,2.3244369199400334,3.39959793802578,1.30322700997187
CAUSAL_OPEN_REPLICATION,CORE_DDV20_REFILL,20,2020,253,1.5818179978394942,-0.24089496738895644,2.2199991513804025,3.522723885251849,6.56642193477393,1.530414852024966
CAUSAL_OPEN_REPLICATION,CORE_DDV20_REFILL,20,2021,252,0.27154413974277203,-0.29988653941552024,0.7975185701073698,1.0674438439192069,0.9054895904031317,1.1481068294436558
CAUSAL_OPEN_REPLICATION,CORE_DDV20_REFILL,20,2022,251,-0.09525395869195386,-0.16442584038463015,-0.3904220056105043,-0.4921708676947421,-0.5793125853523556,0.896743544882609
CAUSAL_OPEN_REPLICATION,CORE_DDV20_REFILL,20,2023,250,0.4463593577248508,-0.16459016289546502,1.4886875058177054,2.287258811236535,2.7119443220208965,1.323777625156275
CAUSAL_OPEN_REPLICATION,CORE_DDV20_REFILL,20,2024,252,0.7907961713243956,-0.16074888690070288,1.7258046762503285,2.552497516302793,4.919450371142432,1.3552009987015035
CAUSAL_OPEN_REPLICATION,CORE_DDV20_REFILL,20,2025,250,0.8420314250071206,-0.14594380947895202,1.9167251671906955,2.7690658339515126,5.769559037915603,1.4314414572779068
CAUSAL_OPEN_REPLICATION,CORE_DDV20_REFILL,20,2026,53,0.0017224948000964524,-0.18387358972763712,0.23017668372229633,0.31642502443195764,0.009367820591569997,1.0406893836523956
CAUSAL_OPEN_REPLICATION,EARLY1,0,FULL,2567,0.519105798612918,-0.2785610487246686,1.4170751610407906,2.0790093841424153,1.8635261497956424,1.3144937978595177
CAUSAL_OPEN_REPLICATION,EARLY1,0,2016_2020,1259,0.5710779634542753,-0.26249977840758587,1.5412458231387818,2.3312242277045563,2.1755369353781213,1.3491280421295377
CAUSAL_OPEN_REPLICATION,EARLY1,0,2021_2025,1255,0.49192896515509554,-0.2785610487246686,1.3617416074794277,1.957166270476303,1.7659646508630182,1.2990676402914598
CAUSAL_OPEN_REPLICATION,EARLY1,0,2022_2025,1003,0.5178457169562698,-0.2041776819309924,1.4770986672059496,2.175506196418745,2.5362503485140473,1.3397245318753466
CAUSAL_OPEN_REPLICATION,EARLY1,0,2022_2026_AVAILABLE,1056,0.48985767289349913,-0.2041776819309924,1.3893856325651228,2.0274932687712637,2.399173446679938,1.315336365764452
CAUSAL_OPEN_REPLICATION,EARLY1,0,2016,252,0.3494003439515261,-0.12868186136666115,1.5058612750922804,2.274546555106495,2.715226064036781,1.3140375834340519
CAUSAL_OPEN_REPLICATION,EARLY1,0,2017,251,0.3302332890075894,-0.1259857264772738,1.3795042561416535,1.811410693497819,2.621196053246232,1.2719239496582242
CAUSAL_OPEN_REPLICATION,EARLY1,0,2018,251,0.23830583002511285,-0.26249977840758587,0.764235352805761,1.1107517599085808,0.9078324997863166,1.160570865182241
CAUSAL_OPEN_REPLICATION,EARLY1,0,2019,252,0.4903922980790061,-0.12501840496210737,1.6106750864522557,2.474299650530145,3.9225608279648285,1.3247005041241904
CAUSAL_OPEN_REPLICATION,EARLY1,0,2020,253,1.8777395684184865,-0.2306738762232824,2.4374405878260386,3.903069951445584,8.140235032947187,1.5939993741182348
CAUSAL_OPEN_REPLICATION,EARLY1,0,2021,252,0.39308819780071147,-0.2769545540423084,1.0271344022347937,1.3986608226971398,1.419323827910994,1.1943150246923326
CAUSAL_OPEN_REPLICATION,EARLY1,0,2022,251,-0.07217531222512086,-0.17209935082531191,-0.25568300756524776,-0.3205043797817827,-0.41938166459664245,0.9321179599390232
CAUSAL_OPEN_REPLICATION,EARLY1,0,2023,250,0.5493756341291269,-0.17502426669895688,1.6839645520858462,2.6757269773184227,3.138854082868734,1.3719409406551504
CAUSAL_OPEN_REPLICATION,EARLY1,0,2024,252,1.05299467674691,-0.16353148091630743,2.0320211695817494,3.0730046644881317,6.439094606412905,1.4289477241729
CAUSAL_OPEN_REPLICATION,EARLY1,0,2025,250,0.7976527932104946,-0.14081750305152974,1.8488126900992412,2.6867633756114424,5.6644435238892665,1.4100764533932313
CAUSAL_OPEN_REPLICATION,EARLY1,0,2026,53,0.04756433733991772,-0.1838369511684227,0.3311856454407152,0.4515377191321387,0.25873110404415667,1.0612873103802738
CAUSAL_OPEN_REPLICATION,EARLY1,5,FULL,2567,0.5002340019914435,-0.28100042221844324,1.3799518897541743,2.0207394791526108,1.7801895030697612,1.3050207482873872
CAUSAL_OPEN_REPLICATION,EARLY1,5,2016_2020,1259,0.5512222152549433,-0.26387595075828496,1.5026763546366089,2.268399093027404,2.08894449710528,1.3389485029660768
CAUSAL_OPEN_REPLICATION,EARLY1,5,2021_2025,1255,0.47426030495726934,-0.281000422218443,1.3264403706448153,1.903088897327296,1.6877565564246402,1.290203164899758
CAUSAL_OPEN_REPLICATION,EARLY1,5,2022_2025,1003,0.5018111175635098,-0.20596782116906998,1.4437895246048313,2.1226482254563717,2.436356877085159,1.3308461344260323
CAUSAL_OPEN_REPLICATION,EARLY1,5,2022_2026_AVAILABLE,1056,0.4733342382477628,-0.20596782116906998,1.355333335408576,1.974125519678322,2.298098001722431,1.3064642154990525
CAUSAL_OPEN_REPLICATION,EARLY1,5,2016,252,0.3314269073541565,-0.13264318635379713,1.4439683176176532,2.1727066319033383,2.4986349956201037,1.299170370661838
CAUSAL_OPEN_REPLICATION,EARLY1,5,2017,251,0.3097866333413939,-0.12755784384214397,1.3109470709420072,1.7171267522463396,2.428597285830283,1.2569571543291778
CAUSAL_OPEN_REPLICATION,EARLY1,5,2018,251,0.224882879704698,-0.26387595075828485,0.7346900577559308,1.0661805803609161,0.852229538381445,1.1538240854559474
CAUSAL_OPEN_REPLICATION,EARLY1,5,2019,252,0.47564837534485416,-0.1257948240324568,1.5740259230759879,2.4135552960763245,3.781144248209532,1.3161710446184496
CAUSAL_OPEN_REPLICATION,EARLY1,5,2020,253,1.8381478036091345,-0.2329652148819118,2.4088563501850517,3.8505251773006415,7.890224317569801,1.5850210610266595
CAUSAL_OPEN_REPLICATION,EARLY1,5,2021,252,0.3695224228829963,-0.27824985737544605,0.9848768971243582,1.3388487602023065,1.3280237638519075,1.1855370223401247
CAUSAL_OPEN_REPLICATION,EARLY1,5,2022,251,-0.07949271730814556,-0.17304683033024293,-0.2938515168785605,-0.3676554790670084,-0.45937112604976055,0.9224398794402051
CAUSAL_OPEN_REPLICATION,EARLY1,5,2023,250,0.5344619172165666,-0.1767260938595685,1.650030310988823,2.6163568764646357,3.024238840707162,1.3633515627663924
CAUSAL_OPEN_REPLICATION,EARLY1,5,2024,252,1.0246617911733567,-0.16527423940772445,1.9969081230152097,3.0149025791079422,6.199767095255298,1.4199976344785625
CAUSAL_OPEN_REPLICATION,EARLY1,5,2025,250,0.7780250880266912,-0.1413249598275106,1.8178308838450437,2.6373986114367796,5.5052206558295405,1.4019837060610405
CAUSAL_OPEN_REPLICATION,EARLY1,5,2026,53,0.02556246353496361,-0.18574830995026514,0.2852901032791254,0.38799294372643145,0.13761882162916078,1.0525679694653434
CAUSAL_OPEN_REPLICATION,EARLY1,10,FULL,2567,0.4815876710567224,-0.2834322471191596,1.3427663440481288,1.9625873120437223,1.6991280136668958,1.2955905391034395
CAUSAL_OPEN_REPLICATION,EARLY1,10,2016_2020,1259,0.5316074953837151,-0.2652495634848382,1.4640390190634567,2.2057029090562676,2.004178587136872,1.3288119926646358
CAUSAL_OPEN_REPLICATION,EARLY1,10,2021_2025,1255,0.456793329871096,-0.2834322471191594,1.2910827418556474,1.8491141280877097,1.6116491137264735,1.2813907947230423
CAUSAL_OPEN_REPLICATION,EARLY1,10,2022_2025,1003,0.4859393266489187,-0.2077545703394239,1.410425207379404,2.069891544290549,2.3390066743417672,1.3220211296224225
CAUSAL_OPEN_REPLICATION,EARLY1,10,2022_2026_AVAILABLE,1056,0.4569866995457488,-0.2077545703394239,1.3212244358301855,1.9208672287662534,2.199646914140738,1.2976299488127376
CAUSAL_OPEN_REPLICATION,EARLY1,10,2016,252,0.31367954951010013,-0.1365898762871065,1.381858036526757,2.071266814916852,2.2965065789411665,1.284471650241812
CAUSAL_OPEN_REPLICATION,EARLY1,10,2017,251,0.2896436707800023,-0.12912740765478936,1.2422526009471389,1.6231421226899483,2.24308437720936,1.2421129381555447
CAUSAL_OPEN_REPLICATION,EARLY1,10,2018,251,0.2116005421166698,-0.26524956348483875,0.705115067910753,1.0216987909202866,0.797741339652627,1.1471175061869994
CAUSAL_OPEN_REPLICATION,EARLY1,10,2019,252,0.4610450326280473,-0.12657050856522412,1.5373205550290667,2.352924902275704,3.642594454698444,1.3075628286965921
CAUSAL_OPEN_REPLICATION,EARLY1,10,2020,253,1.7990829125164733,-0.2355953938708858,2.3802231968867464,3.79806775496358,7.6363246452196405,1.5761000909779004
CAUSAL_OPEN_REPLICATION,EARLY1,10,2021,252,0.34634422348845506,-0.2795436912465795,0.9425614187994805,1.2791554268222758,1.2389627608621374,1.1768131698522144
CAUSAL_OPEN_REPLICATION,EARLY1,10,2022,251,-0.086754538545883,-0.1739933637432165,-0.3320159570173921,-0.41462416706722666,-0.49860831861333166,0.9128723269468436
CAUSAL_OPEN_REPLICATION,EARLY1,10,2023,250,0.519685260065827,-0.17842489147321883,1.616033602180045,2.557143602135558,2.9126275811345,1.354809995279844
CAUSAL_OPEN_REPLICATION,EARLY1,10,2024,252,0.9967062515961114,-0.16701414147744298,1.9617264626744317,2.9568655410028235,5.967795557783513,1.4110835950587588
CAUSAL_OPEN_REPLICATION,EARLY1,10,2025,250,0.7586041971379422,-0.14183224726692123,1.786794456532311,2.5881143343726447,5.348601687952437,1.393935075660157
CAUSAL_OPEN_REPLICATION,EARLY1,10,2026,53,0.004005813277035752,-0.18765667563653587,0.23932197229041402,0.32466394295250156,0.021346500269430538,1.0438825653053896
CAUSAL_OPEN_REPLICATION,EARLY1,20,FULL,2567,0.4449595189864315,-0.2882733396194591,1.2682174513554232,1.8466458340995098,1.5435333686209383,1.2768827427762544
CAUSAL_OPEN_REPLICATION,EARLY1,20,2016_2020,1259,0.4930882125694498,-0.2679895656675374,1.3865707503505775,2.080710763279573,1.8399530270561555,1.3087383896951479
CAUSAL_OPEN_REPLICATION,EARLY1,20,2021_2025,1255,0.4224540938873673,-0.2882733396194591,1.2202060489334456,1.741479148036927,1.4654636271430308,1.2638713385773406
CAUSAL_OPEN_REPLICATION,EARLY1,20,2022_2025,1003,0.4546761186475581,-0.21131791920869913,1.3435369061432807,1.9646897180412708,2.151621217690094,1.3044945442155418
CAUSAL_OPEN_REPLICATION,EARLY1,20,2022_2026_AVAILABLE,1056,0.4248105499059176,-0.21131791920869913,1.2528434517888158,1.8146866039256702,2.010291183524155,1.2800973569071143
CAUSAL_OPEN_REPLICATION,EARLY1,20,2016,252,0.27885012875571835,-0.1444402625213016,1.2570380689383467,1.8696879245710378,1.9305567844325566,1.2554915791513732
CAUSAL_OPEN_REPLICATION,EARLY1,20,2017,251,0.2502514518827412,-0.13225889035968574,1.1045169753060813,1.4361399768598997,1.8921333091648347,1.2128533113173605
CAUSAL_OPEN_REPLICATION,EARLY1,20,2018,251,0.18544842006322915,-0.2679895656675376,0.6458742230495413,0.9330013406456645,0.6919986589824645,1.133831345358251
CAUSAL_OPEN_REPLICATION,EARLY1,20,2019,252,0.43225354898174406,-0.1281199644717197,1.4637497995494708,2.2319786309696577,3.373818832717181,1.2904557876794203
CAUSAL_OPEN_REPLICATION,EARLY1,20,2020,253,1.7225067094461304,-0.2421040973259463,2.3228151351095847,3.693426676686706,7.114735886221325,1.5584279985151135
CAUSAL_OPEN_REPLICATION,EARLY1,20,2021,252,0.30112516953764246,-0.28212695456145076,0.8577698502796743,1.160135281658976,1.0673392409659093,1.159469247507761
CAUSAL_OPEN_REPLICATION,EARLY1,20,2022,251,-0.10111305649305768,-0.1758835987018722,-0.40831566118814994,-0.5079981657731764,-0.5748862158798971,0.8940649315845038
CAUSAL_OPEN_REPLICATION,EARLY1,20,2023,250,0.4905361620869366,-0.18181341726245226,1.547859736161698,2.439178038070456,2.698019593234064,1.337622301434779
CAUSAL_OPEN_REPLICATION,EARLY1,20,2024,252,0.9419016762600427,-0.171318865373581,1.8911578346874103,2.840992940532096,5.497944865593845,1.3934309736543455
CAUSAL_OPEN_REPLICATION,EARLY1,20,2025,250,0.7203743867270513,-0.14284631411522897,1.7245646760940965,2.4897981698175857,5.043002972732999,1.3779686465407248
CAUSAL_OPEN_REPLICATION,EARLY1,20,2026,53,-0.0378062998109816,-0.1914644368612095,0.1471834981608305,0.1986718814469879,-0.19745860082824143,1.0267287504509905
CAUSAL_OPEN_REPLICATION,EARLY2,0,FULL,2567,0.5001698809304049,-0.2677858026561142,1.385915095725899,2.0348052810411845,1.8677983521505592,1.3077098802915004
CAUSAL_OPEN_REPLICATION,EARLY2,0,2016_2020,1259,0.5564916346474256,-0.26249977840758565,1.5140677680846029,2.293498825863525,2.119969921587348,1.3430124510285038
CAUSAL_OPEN_REPLICATION,EARLY2,0,2021_2025,1255,0.4833851197236678,-0.2677858026561152,1.3526143997292965,1.953718325211794,1.8051185497104965,1.298133031091088
CAUSAL_OPEN_REPLICATION,EARLY2,0,2022_2025,1003,0.5161755442041147,-0.19817754791700726,1.4766485539716643,2.192835867518901,2.6046116203853655,1.3423161896472535
CAUSAL_OPEN_REPLICATION,EARLY2,0,2022_2026_AVAILABLE,1056,0.46974573676329223,-0.19990045152310343,1.3543781204033876,1.9776483319780236,2.349898327813439,1.3084772611834226
CAUSAL_OPEN_REPLICATION,EARLY2,0,2016,252,0.33713001388733055,-0.1338132196301144,1.4555924774428437,2.1961139558647145,2.519407386050669,1.3019642188378706
CAUSAL_OPEN_REPLICATION,EARLY2,0,2017,251,0.37076924842688586,-0.11349534925744309,1.5469405374403942,2.0641374336619567,3.2668232738406293,1.306891292915087
CAUSAL_OPEN_REPLICATION,EARLY2,0,2018,251,0.22787902578034736,-0.26249977840758587,0.7383077059372973,1.075195683248787,0.8681113072275339,1.1550823070104186
CAUSAL_OPEN_REPLICATION,EARLY2,0,2019,252,0.44495719142427936,-0.12584858358014106,1.5206311172756222,2.3333095811242006,3.535655140217992,1.3052405978416115
CAUSAL_OPEN_REPLICATION,EARLY2,0,2020,253,1.7986373052264448,-0.23001324302862414,2.3725079636859596,3.7864963038119557,7.819711950248935,1.5737187079327513
CAUSAL_OPEN_REPLICATION,EARLY2,0,2021,252,0.35975306385411665,-0.2668085098273435,0.9791439854670808,1.3278232250056836,1.348356782498876,1.183900663661011
CAUSAL_OPEN_REPLICATION,EARLY2,0,2022,251,-0.0910883054593643,-0.17209935082531191,-0.34982266372623744,-0.4374856762011138,-0.5292774494647732,0.908723752297173
CAUSAL_OPEN_REPLICATION,EARLY2,0,2023,250,0.5169611062373518,-0.1773143331739957,1.6449624172236386,2.6040978643201385,2.915506586430699,1.3668833789928616
CAUSAL_OPEN_REPLICATION,EARLY2,0,2024,252,1.123205989087925,-0.1674669470373079,2.131271549400683,3.2879090686553774,6.707030903463592,1.4572868256977438
CAUSAL_OPEN_REPLICATION,EARLY2,0,2025,250,0.8039672590968192,-0.14081750305152974,1.838417493703028,2.698513478457004,5.709285008431241,1.410540258001623
CAUSAL_OPEN_REPLICATION,EARLY2,0,2026,53,-0.18412553222627137,-0.1999004515231031,-0.2372427029661485,-0.3029250649113967,-0.9210861247353983,0.9578304503861927
CAUSAL_OPEN_REPLICATION,EARLY2,5,FULL,2567,0.48068261367638665,-0.2702771705389072,1.3468213448433048,1.9735236443439814,1.7784802642337525,1.297770393387353
CAUSAL_OPEN_REPLICATION,EARLY2,5,2016_2020,1259,0.5359179888729109,-0.26387595075828485,1.4736473692578378,2.227660092608269,2.030946690415988,1.3323515663554237
CAUSAL_OPEN_REPLICATION,EARLY2,5,2021_2025,1255,0.464978515163768,-0.270277170538907,1.3153060394309868,1.8963215460356837,1.7203765831817945,1.288783562214201
CAUSAL_OPEN_REPLICATION,EARLY2,5,2022_2025,1003,0.4994040186649731,-0.19996536787848496,1.4416160881725937,2.136788853993938,2.497452553726459,1.3329642054467474
CAUSAL_OPEN_REPLICATION,EARLY2,5,2022_2026_AVAILABLE,1056,0.4527283836704632,-0.2017922331298755,1.318513189428915,1.9215711214473772,2.2435372097749804,1.2991711185099408
CAUSAL_OPEN_REPLICATION,EARLY2,5,2016,252,0.31881035911049627,-0.13782121820563809,1.3922591705725391,2.092070921150199,2.313216812775597,1.2868862237144816
CAUSAL_OPEN_REPLICATION,EARLY2,5,2017,251,0.3490387667324035,-0.11504110312318261,1.4741756708399278,1.9620043041696846,3.0340352904879846,1.2907613634167971
CAUSAL_OPEN_REPLICATION,EARLY2,5,2018,251,0.21373695120307867,-0.26387595075828496,0.7071106543729389,1.0280952840102853,0.8099902647015585,1.1479951401335369
CAUSAL_OPEN_REPLICATION,EARLY2,5,2019,252,0.4297568002722967,-0.12667833861525102,1.4809214092545777,2.267768348300865,3.3925042352943957,1.2960284344944166
CAUSAL_OPEN_REPLICATION,EARLY2,5,2020,253,1.7580898250109693,-0.23330584697393786,2.3425397818094646,3.7320208631235365,7.53555835746955,1.5643801790982508
CAUSAL_OPEN_REPLICATION,EARLY2,5,2021,252,0.33561639906896024,-0.2681663000545579,0.9338583398840165,1.2641185391569543,1.2515233979835638,1.1746203812209608
CAUSAL_OPEN_REPLICATION,EARLY2,5,2022,251,-0.09841735569714383,-0.17304683033024293,-0.3884458723163256,-0.4848803584830853,-0.5687324957603901,0.8992434820745185
CAUSAL_OPEN_REPLICATION,EARLY2,5,2023,250,0.5014222524761835,-0.17911819465234746,1.607708316062989,2.539349198245149,2.799393179734754,1.3573494262851544
CAUSAL_OPEN_REPLICATION,EARLY2,5,2024,252,1.0927629288938991,-0.16902616797481473,2.0944646663372817,3.2253832036392605,6.465051784506664,1.4478791707907466
CAUSAL_OPEN_REPLICATION,EARLY2,5,2025,250,0.7830827513832488,-0.1413249598275106,1.805984952094122,2.6464391788623014,5.541008130050162,1.402096197460553
CAUSAL_OPEN_REPLICATION,EARLY2,5,2026,53,-0.20150859383070963,-0.20179223312987493,-0.28611708427863364,-0.36445786884545683,-0.9985943993246621,0.9493967721236131
CAUSAL_OPEN_REPLICATION,EARLY2,10,FULL,2567,0.4614398041024117,-0.272760744830291,1.307666077388289,1.9123830302081812,1.6917383195646973,1.2878834711986071
CAUSAL_OPEN_REPLICATION,EARLY2,10,2016_2020,1259,0.515606449929372,-0.26524956348483864,1.4331600282182664,2.161974219531203,1.9438540940665618,1.3217600941475298
CAUSAL_OPEN_REPLICATION,EARLY2,10,2021_2025,1255,0.4467929912697939,-0.27276074483029067,1.2779401723063128,1.8390496015155013,1.6380399296379122,1.2794685480336174
CAUSAL_OPEN_REPLICATION,EARLY2,10,2022_2025,1003,0.4828118322563699,-0.20174981665568847,1.406530627658459,2.0808704616078364,2.3931215416187923,1.3236425963026364
CAUSAL_OPEN_REPLICATION,EARLY2,10,2022_2026_AVAILABLE,1056,0.4359013805834986,-0.2036804617251502,1.2825959361883557,1.865629929504737,2.1401236863441087,1.2899028715982477
CAUSAL_OPEN_REPLICATION,EARLY2,10,2016,252,0.30072847598621477,-0.14181411417320733,1.328711939948836,1.9884979341714375,2.1205821278050956,1.271985472419901
CAUSAL_OPEN_REPLICATION,EARLY2,10,2017,251,0.32764353430466064,-0.11658434039585353,1.4012792548023998,1.8602469724679989,2.8103562896369376,1.274799439546746
CAUSAL_OPEN_REPLICATION,EARLY2,10,2018,251,0.19975212744615178,-0.26524956348483886,0.6758876302605087,0.9811063829949167,0.7530724078178143,1.140952264568736
CAUSAL_OPEN_REPLICATION,EARLY2,10,2019,252,0.41471085096406224,-0.1275078400801256,1.4411500317536958,2.2023623801910017,3.2524341303519764,1.2868132060002069
CAUSAL_OPEN_REPLICATION,EARLY2,10,2020,253,1.7181114258578845,-0.2365857141343547,2.3125206263726197,3.6776317128833385,7.2621097691561625,1.5551055392802435
CAUSAL_OPEN_REPLICATION,EARLY2,10,2021,252,0.3118969048289968,-0.26952253182039954,0.8885034462734487,1.2005460376691126,1.1572201504727406,1.1653893160928168
CAUSAL_OPEN_REPLICATION,EARLY2,10,2022,251,-0.10568924911826105,-0.1739933637432165,-0.4270533596946138,-0.5320787120960189,-0.6074326448119006,0.8898746501279001
CAUSAL_OPEN_REPLICATION,EARLY2,10,2023,250,0.4860358365281525,-0.18091863999063595,1.5703963193982395,2.4748120940323246,2.6864884489144343,1.3478784704561175
CAUSAL_OPEN_REPLICATION,EARLY2,10,2024,252,1.0627431153061018,-0.17088445896498017,2.0575876261892585,3.162952650499912,6.219074114421913,1.4383932698537005
CAUSAL_OPEN_REPLICATION,EARLY2,10,2025,250,0.7624337805622896,-0.14183224726692123,1.7735007397245959,2.5944678652336903,5.375602482892535,1.3936976445758995
CAUSAL_OPEN_REPLICATION,EARLY2,10,2026,53,-0.21853210677976476,-0.20368046172514986,-0.33503038036328575,-0.4257450079173248,-1.0729163952635574,0.9410383951174788
CAUSAL_OPEN_REPLICATION,EARLY2,20,FULL,2567,0.4236740243826902,-0.2777046052201547,1.2291804689966226,1.790536067150819,1.5256283706451894,1.2682886175510646
CAUSAL_OPEN_REPLICATION,EARLY2,20,2016_2020,1259,0.47575545832544863,-0.26798956566753773,1.3519957833747387,2.0310767299423635,1.775276052783566,1.3007837648316367
CAUSAL_OPEN_REPLICATION,EARLY2,20,2021_2025,1255,0.4110727814445003,-0.2777046052201553,1.2030431278129599,1.7248864901400347,1.480251942954331,1.260985150147494
CAUSAL_OPEN_REPLICATION,EARLY2,20,2022_2025,1003,0.45015550688080963,-0.20530862152461926,1.336205358437112,1.9694212304223222,2.1925796566065294,1.3051335962112733
CAUSAL_OPEN_REPLICATION,EARLY2,20,2022_2026_AVAILABLE,1056,0.4028078550542864,-0.20744628271563437,1.2106101443498423,1.7541597308003287,1.9417453510432483,1.271515402279999
CAUSAL_OPEN_REPLICATION,EARLY2,20,2016,252,0.2652649096007873,-0.1497557328357043,1.2010322068543429,1.7828636897385413,1.771317228247997,1.2426319313738683
CAUSAL_OPEN_REPLICATION,EARLY2,20,2017,251,0.2858381895458084,-0.11966328122818304,1.255162282472229,1.6578950229392155,2.388687545687055,1.2431645085313359
CAUSAL_OPEN_REPLICATION,EARLY2,20,2018,251,0.1722467954201492,-0.2679895656675374,0.6133685614611304,0.8874703972801058,0.6427369475789039,1.1270080252121248
CAUSAL_OPEN_REPLICATION,EARLY2,20,2019,252,0.385072717300051,-0.12916615768868744,1.3614264559242941,2.071963129981587,2.98121988135733,1.2686098397027468
CAUSAL_OPEN_REPLICATION,EARLY2,20,2020,253,1.6398310283068636,-0.24310741600633534,2.2523346682909233,3.569125946536479,6.745294138884392,1.5367453281862526
CAUSAL_OPEN_REPLICATION,EARLY2,20,2021,252,0.26568079094135877,-0.27223032342943965,0.7976010187440079,1.07381625212722,0.975941208879405,1.1471122072550555
CAUSAL_OPEN_REPLICATION,EARLY2,20,2022,251,-0.12006329077279687,-0.1758835987018722,-0.5042042769151701,-0.6258708284658577,-0.6826292596861612,0.871467740212906
CAUSAL_OPEN_REPLICATION,EARLY2,20,2023,250,0.4557139273437856,-0.18450930482139993,1.4956113026775537,2.3463757371021607,2.4698696241086835,1.3289579421185884
CAUSAL_OPEN_REPLICATION,EARLY2,20,2024,252,1.0039417140205846,-0.17459177912203794,1.983621057901485,3.0383678062721993,5.750223286967247,1.4196074670690306
CAUSAL_OPEN_REPLICATION,EARLY2,20,2025,250,0.721828271149576,-0.14284631411522897,1.7083783010167353,2.4908303696897036,5.053180935192372,1.3769344213068395
CAUSAL_OPEN_REPLICATION,EARLY2,20,2026,53,-0.2515291968543023,-0.20744628271563403,-0.4329549303713605,-0.5475634577669947,-1.2125027913809225,0.9245436150612883
CAUSAL_OPEN_REPLICATION,EARLY1_LEGACY_LIQ,0,FULL,2567,0.49899825474317705,-0.2958525049968517,1.380330637819003,2.014109441779572,1.6866453598170046,1.3054391438293607
CAUSAL_OPEN_REPLICATION,EARLY1_LEGACY_LIQ,0,2016_2020,1259,0.5632791801437969,-0.262499778407586,1.5217488475693426,2.29419828847903,2.145827259591769,1.3436195529082597
CAUSAL_OPEN_REPLICATION,EARLY1_LEGACY_LIQ,0,2021_2025,1255,0.4611679298505422,-0.29585250499685156,1.3055596757327677,1.8588297676303334,1.5587764918720224,1.2865194950528644
CAUSAL_OPEN_REPLICATION,EARLY1_LEGACY_LIQ,0,2022_2025,1003,0.504028034984497,-0.20360514164452503,1.4681415023280975,2.1430672966562487,2.475517223747136,1.3390186043797876
CAUSAL_OPEN_REPLICATION,EARLY1_LEGACY_LIQ,0,2022_2026_AVAILABLE,1056,0.47446667398074904,-0.20360514164452503,1.3784437970534804,1.998026518454916,2.3303275651511894,1.313120687362098
CAUSAL_OPEN_REPLICATION,EARLY1_LEGACY_LIQ,0,2016,252,0.3094134845664156,-0.1419676826502223,1.363226222791203,2.0265379470828044,2.1794642188303066,1.2785763710301732
CAUSAL_OPEN_REPLICATION,EARLY1_LEGACY_LIQ,0,2017,251,0.36001912291308025,-0.12733644770899888,1.4749062735318947,1.9447399046498541,2.8273061593160627,1.29193622305724
CAUSAL_OPEN_REPLICATION,EARLY1_LEGACY_LIQ,0,2018,251,0.27701213653917356,-0.262499778407586,0.8494602825972393,1.2414430549278892,1.0552852205042782,1.1807340678431584
CAUSAL_OPEN_REPLICATION,EARLY1_LEGACY_LIQ,0,2019,252,0.4947177039483064,-0.12069516229863408,1.6190556779745688,2.4879524196301914,4.098902512134118,1.3263538445925294
CAUSAL_OPEN_REPLICATION,EARLY1_LEGACY_LIQ,0,2020,253,1.7368621598277847,-0.24060715307532887,2.3155801291629112,3.6696134721725846,7.218663857778205,1.5547421388858822
CAUSAL_OPEN_REPLICATION,EARLY1_LEGACY_LIQ,0,2021,252,0.30234502364851257,-0.29585250499685156,0.8505152353503187,1.1505945683543553,1.0219451197539466,1.158651330074012
CAUSAL_OPEN_REPLICATION,EARLY1_LEGACY_LIQ,0,2022,251,-0.06578136147541436,-0.1598775092477277,-0.2286604692305348,-0.2878654341315502,-0.41144850069866407,0.9388665955583855
CAUSAL_OPEN_REPLICATION,EARLY1_LEGACY_LIQ,0,2023,250,0.6158782727407028,-0.15785252246894976,1.8461568427908506,2.926217112183058,3.9016055182890637,1.4167379702943232
CAUSAL_OPEN_REPLICATION,EARLY1_LEGACY_LIQ,0,2024,252,0.8692357738748417,-0.15392958848229388,1.8311131532494174,2.708400032079767,5.646970036399647,1.3841150914271092
CAUSAL_OPEN_REPLICATION,EARLY1_LEGACY_LIQ,0,2025,250,0.8137375214688685,-0.14926918108436804,1.891980565181298,2.743238340035967,5.4514770936469334,1.421095280456677
CAUSAL_OPEN_REPLICATION,EARLY1_LEGACY_LIQ,0,2026,53,0.012714808587886761,-0.1709442859676461,0.24795465710641632,0.3403762213129593,0.07437983969989637,1.044571954302052
CAUSAL_OPEN_REPLICATION,EARLY1_LEGACY_LIQ,5,FULL,2567,0.4804142543469745,-0.29724740983185105,1.3431746265637945,1.956182815901407,1.6162100609009125,1.2959984895172312
CAUSAL_OPEN_REPLICATION,EARLY1_LEGACY_LIQ,5,2016_2020,1259,0.5436397066759064,-0.26387595075828496,1.483575652119575,2.232340976830343,2.060209371538712,1.3335393004004852
CAUSAL_OPEN_REPLICATION,EARLY1_LEGACY_LIQ,5,2021_2025,1255,0.44376460518762983,-0.2972474098318514,1.269821453414779,1.8046472790604744,1.492913278667966,1.2776082659600088
CAUSAL_OPEN_REPLICATION,EARLY1_LEGACY_LIQ,5,2022_2025,1003,0.4881812599954656,-0.20545598926903752,1.434377801703725,2.0898788832338604,2.3760867801045658,1.3299855150293936
CAUSAL_OPEN_REPLICATION,EARLY1_LEGACY_LIQ,5,2022_2026_AVAILABLE,1056,0.4582300820684617,-0.20545598926903752,1.3439743999114222,1.9443224821344107,2.230307734998298,1.3041345044643338
CAUSAL_OPEN_REPLICATION,EARLY1_LEGACY_LIQ,5,2016,252,0.29197710754541073,-0.1459218772334392,1.3013076110751105,1.9273109810442224,2.0009138662485753,1.2641818566727434
CAUSAL_OPEN_REPLICATION,EARLY1_LEGACY_LIQ,5,2017,251,0.3390781184499878,-0.12885468800661293,1.406232404225112,1.8495800782723524,2.6314767719788823,1.2768275039633483
CAUSAL_OPEN_REPLICATION,EARLY1_LEGACY_LIQ,5,2018,251,0.26327357057165157,-0.26387595075828485,0.8200603775597761,1.1966552667497332,0.9977171842113605,1.1738475750587056
CAUSAL_OPEN_REPLICATION,EARLY1_LEGACY_LIQ,5,2019,252,0.47989860288007025,-0.12146047990626174,1.582353214645702,2.427073082157043,3.9510678967383996,1.317675737259036
CAUSAL_OPEN_REPLICATION,EARLY1_LEGACY_LIQ,5,2020,253,1.7001352856659349,-0.24272968315894794,2.2881668938378703,3.6202477178178576,7.004233118668995,1.5462872254457696
CAUSAL_OPEN_REPLICATION,EARLY1_LEGACY_LIQ,5,2021,252,0.2797340563933659,-0.2972474098318514,0.8079448614627024,1.0910888765279576,0.941081560816989,1.150093453053629
CAUSAL_OPEN_REPLICATION,EARLY1_LEGACY_LIQ,5,2022,251,-0.07319979769445262,-0.16084302107290027,-0.2676131776692789,-0.3362429590086234,-0.455100862979163,0.9288705894369469
CAUSAL_OPEN_REPLICATION,EARLY1_LEGACY_LIQ,5,2023,250,0.6004282021898719,-0.1595797331998774,1.8120477648229607,2.8660238043551476,3.7625592558036263,1.4077416548171622
CAUSAL_OPEN_REPLICATION,EARLY1_LEGACY_LIQ,5,2024,252,0.8436172837553615,-0.15394983434669474,1.7954351513939846,2.6511565960650088,5.4798193667135555,1.3752582962065376
CAUSAL_OPEN_REPLICATION,EARLY1_LEGACY_LIQ,5,2025,250,0.793943653914233,-0.14987341831049783,1.8607102631767292,2.693023178184769,5.297428075400223,1.4128475487387715
CAUSAL_OPEN_REPLICATION,EARLY1_LEGACY_LIQ,5,2026,53,-0.007508799368527108,-0.17274552748305627,0.20227237191439124,0.27698037937608055,-0.04346740247306031,1.0361999123262136
CAUSAL_OPEN_REPLICATION,EARLY1_LEGACY_LIQ,10,FULL,2567,0.46205186048825997,-0.2986404353449209,1.3059567175398081,1.8983761640179768,1.5471845262836015,1.2866128774798222
CAUSAL_OPEN_REPLICATION,EARLY1_LEGACY_LIQ,10,2016_2020,1259,0.5242374069181668,-0.2652495634848385,1.4453344870520066,2.170603162389655,1.9763930995050698,1.3235230576518466
CAUSAL_OPEN_REPLICATION,EARLY1_LEGACY_LIQ,10,2021_2025,1255,0.42656095268285754,-0.29864043534492035,1.2340275228208855,1.7505791545008158,1.4283429241261083,1.268751991767301
CAUSAL_OPEN_REPLICATION,EARLY1_LEGACY_LIQ,10,2022_2025,1003,0.47249475216908365,-0.2073033059244147,1.4005545918208724,2.0367973103190353,2.2792436910840244,1.3210007049883317
CAUSAL_OPEN_REPLICATION,EARLY1_LEGACY_LIQ,10,2022_2026_AVAILABLE,1056,0.4421649007124604,-0.2073033059244147,1.3094446355739853,1.8907320002763373,2.132937044784414,1.2951860176564636
CAUSAL_OPEN_REPLICATION,EARLY1_LEGACY_LIQ,10,2016,252,0.2747617472920205,-0.14986099230590044,1.2392003948263435,1.8285001838123678,1.8334440674940224,1.2499551633368757
CAUSAL_OPEN_REPLICATION,EARLY1_LEGACY_LIQ,10,2017,251,0.3184487191835177,-0.1303705530590168,1.337433376362673,1.7547555383506128,2.4426430026676402,1.26187841167609
CAUSAL_OPEN_REPLICATION,EARLY1_LEGACY_LIQ,10,2018,251,0.24967759530172762,-0.26524956348483864,0.7906289483578283,1.151952921290781,0.9412931430365913,1.167003370100739
CAUSAL_OPEN_REPLICATION,EARLY1_LEGACY_LIQ,10,2019,252,0.46522080436596847,-0.12222509014875982,1.5455953553665676,2.3662959484969615,3.8062627223244387,1.3089847512866224
CAUSAL_OPEN_REPLICATION,EARLY1_LEGACY_LIQ,10,2020,253,1.663884314044056,-0.24484692304789235,2.2607013214127987,3.5709413752569827,6.795610470949632,1.5378846810536175
CAUSAL_OPEN_REPLICATION,EARLY1_LEGACY_LIQ,10,2021,252,0.2575050087150146,-0.29864043534492035,0.7653306584169373,1.031729258312401,0.8622576792643781,1.1416010082171293
CAUSAL_OPEN_REPLICATION,EARLY1_LEGACY_LIQ,10,2022,251,-0.08056132036567665,-0.16180756431990007,-0.3065601860777254,-0.3844243034905713,-0.49788352419917575,0.9189895029914732
CAUSAL_OPEN_REPLICATION,EARLY1_LEGACY_LIQ,10,2023,250,0.5851190990648205,-0.16130399380137417,1.7778761077396914,2.8059927986406947,3.6274309474650828,1.3987551656203445
CAUSAL_OPEN_REPLICATION,EARLY1_LEGACY_LIQ,10,2024,252,0.8183369884124254,-0.1558403958937944,1.7596802743182987,2.5939782978985737,5.251122366052792,1.3664426071750135
CAUSAL_OPEN_REPLICATION,EARLY1_LEGACY_LIQ,10,2025,250,0.7743575536317207,-0.15047749449987857,1.8293796960289257,2.6429002082127555,5.1460024384732534,1.4046453086632493
CAUSAL_OPEN_REPLICATION,EARLY1_LEGACY_LIQ,10,2026,53,-0.0273440475950405,-0.17454421352531124,0.15652370943019484,0.21380466519206154,-0.1566597198656216,1.0278764667186082
CAUSAL_OPEN_REPLICATION,EARLY1_LEGACY_LIQ,20,FULL,2567,0.42598008583005753,-0.3014208543171052,1.2313441077391563,1.7831359771405557,1.413240257696011,1.268019645736956
CAUSAL_OPEN_REPLICATION,EARLY1_LEGACY_LIQ,20,2016_2020,1259,0.4861308407036351,-0.2679895656675375,1.3686564578513811,2.0474996210585115,1.8139916734919421,1.3036801834906824
CAUSAL_OPEN_REPLICATION,EARLY1_LEGACY_LIQ,20,2021_2025,1255,0.3927428821761827,-0.3014208543171053,1.1622816797033895,1.6427988340628856,1.3029718300877862,1.2512016720117758
CAUSAL_OPEN_REPLICATION,EARLY1_LEGACY_LIQ,20,2022_2025,1003,0.44159532151058567,-0.21098736763788906,1.3327374785757071,1.9309665137019931,2.0929941278213477,1.303199585537556
CAUSAL_OPEN_REPLICATION,EARLY1_LEGACY_LIQ,20,2022_2026_AVAILABLE,1056,0.41054091360425593,-0.21098736763788906,1.2402125597062872,1.7839038309439506,1.945808027278933,1.2774628456511326
CAUSAL_OPEN_REPLICATION,EARLY1_LEGACY_LIQ,20,2016,252,0.24097850761549866,-0.1576943811248438,1.114462988064808,1.6322069254390528,1.528136296909148,1.2219323105554254
CAUSAL_OPEN_REPLICATION,EARLY1_LEGACY_LIQ,20,2017,251,0.27810688138516837,-0.13339517172202975,1.1995251714695399,1.5661618594530786,2.0848346892546483,1.2322529711201462
CAUSAL_OPEN_REPLICATION,EARLY1_LEGACY_LIQ,20,2018,251,0.22290326162128782,-0.2679895656675374,0.7316680891526852,1.0628004640019115,0.8317609719843243,1.153449077953836
CAUSAL_OPEN_REPLICATION,EARLY1_LEGACY_LIQ,20,2019,252,0.4362827715098254,-0.1237521913854811,1.4719228732405871,2.245062066056177,3.5254549161948106,1.2918143056001794
CAUSAL_OPEN_REPLICATION,EARLY1_LEGACY_LIQ,20,2020,253,1.5927863349366969,-0.2497604676163977,2.205617735771406,3.472518192877028,6.377255576663265,1.5212347568501936
CAUSAL_OPEN_REPLICATION,EARLY1_LEGACY_LIQ,20,2021,252,0.21416679888432455,-0.3014208543171053,0.6799834135405372,0.9134644496902501,0.7105241585541178,1.1247823672574528
CAUSAL_OPEN_REPLICATION,EARLY1_LEGACY_LIQ,20,2022,251,-0.09511531584781996,-0.1637337516331382,-0.3844192975117158,-0.48018216799722463,-0.5809145328871186,0.8995783424036895
CAUSAL_OPEN_REPLICATION,EARLY1_LEGACY_LIQ,20,2023,250,0.5549188115533996,-0.16474368504631154,1.7093570628877628,2.686431871157127,3.3683768297243377,1.380909258808386
CAUSAL_OPEN_REPLICATION,EARLY1_LEGACY_LIQ,20,2024,252,0.7687695501758274,-0.1631520624844175,1.6879429381463098,2.4798252572173536,4.711981806845083,1.3489768647358873
CAUSAL_OPEN_REPLICATION,EARLY1_LEGACY_LIQ,20,2025,250,0.7357997672458643,-0.15168516377350982,1.7665443724846166,2.54294097738088,4.850835434008107,1.3883755692485624
CAUSAL_OPEN_REPLICATION,EARLY1_LEGACY_LIQ,20,2026,53,-0.0658779576270242,-0.17813392665466554,0.06484463980020168,0.08813666903217644,-0.36982263212968236,1.0114385190837654
CAUSAL_OPEN_REPLICATION,EARLY1_CURRENT_LIQ,0,FULL,2567,0.5084184791440991,-0.29451118396249465,1.4014701646790095,2.049091782549319,1.7263129783514268,1.311633725784508
CAUSAL_OPEN_REPLICATION,EARLY1_CURRENT_LIQ,0,2016_2020,1259,0.5598244099022358,-0.2587716028751097,1.5200229906341378,2.2948498423331225,2.1633919784174407,1.3438218825839625
CAUSAL_OPEN_REPLICATION,EARLY1_CURRENT_LIQ,0,2021_2025,1255,0.48552807260808173,-0.29451118396249476,1.3564979591145574,1.9387166680803631,1.6485895919997133,1.300015655800248
CAUSAL_OPEN_REPLICATION,EARLY1_CURRENT_LIQ,0,2022_2025,1003,0.513944744456573,-0.1695565278319423,1.4939745911153723,2.1801306449435875,3.031111517959218,1.3462914266404078
CAUSAL_OPEN_REPLICATION,EARLY1_CURRENT_LIQ,0,2022_2026_AVAILABLE,1056,0.4810548397001948,-0.1730212943589039,1.3950886549001111,2.019136141591549,2.780321586904364,1.3182285143401407
CAUSAL_OPEN_REPLICATION,EARLY1_CURRENT_LIQ,0,2016,252,0.31937524788856453,-0.13887249096925713,1.4056585016137104,2.0902106737441595,2.2997733075823215,1.289168303010555
CAUSAL_OPEN_REPLICATION,EARLY1_CURRENT_LIQ,0,2017,251,0.3857514620029623,-0.12102584274453998,1.5621775492545291,2.067968833704515,3.187347869307568,1.3116295433303133
CAUSAL_OPEN_REPLICATION,EARLY1_CURRENT_LIQ,0,2018,251,0.22731713609278126,-0.2587716028751097,0.7419160109278906,1.0772499722375544,0.8784469917376938,1.1565623902118316
CAUSAL_OPEN_REPLICATION,EARLY1_CURRENT_LIQ,0,2019,252,0.4868122487740838,-0.12128674692012442,1.6029529493277705,2.4644251099062355,4.013729951011736,1.3232678782799208
CAUSAL_OPEN_REPLICATION,EARLY1_CURRENT_LIQ,0,2020,253,1.7574837501421041,-0.2426925602056712,2.3422691246132366,3.7368740322557534,7.241605381939662,1.5644434240236436
CAUSAL_OPEN_REPLICATION,EARLY1_CURRENT_LIQ,0,2021,252,0.3776138314107049,-0.29451118396249476,0.9844192744725438,1.3488424725106887,1.2821714487378961,1.1867913274853614
CAUSAL_OPEN_REPLICATION,EARLY1_CURRENT_LIQ,0,2022,251,-0.07118848331781225,-0.1695565278319423,-0.2518953514329418,-0.3148626672890579,-0.4198510327386006,0.9320640340196107
CAUSAL_OPEN_REPLICATION,EARLY1_CURRENT_LIQ,0,2023,250,0.5849270871807175,-0.15124908328380637,1.8141510289705904,2.862118131781135,3.8673099663232358,1.4081774885356393
CAUSAL_OPEN_REPLICATION,EARLY1_CURRENT_LIQ,0,2024,252,0.8523162245972462,-0.1521149229208303,1.8224054309790936,2.709604692391846,5.603107231240176,1.3765487669412966
CAUSAL_OPEN_REPLICATION,EARLY1_CURRENT_LIQ,0,2025,250,0.9272407830977885,-0.13706712277078836,2.0481164014831315,2.977190958145616,6.76486647092151,1.4687287730295993
CAUSAL_OPEN_REPLICATION,EARLY1_CURRENT_LIQ,0,2026,53,-0.022645224047106338,-0.1730212943589038,0.17132583433845663,0.23297800152750756,-0.13088113882752836,1.0310000509676518
CAUSAL_OPEN_REPLICATION,EARLY1_CURRENT_LIQ,5,FULL,2567,0.48967458315154255,-0.29586599489422793,1.3641590341198457,1.9907406899422644,1.6550553007168032,1.302078003278848
CAUSAL_OPEN_REPLICATION,EARLY1_CURRENT_LIQ,5,2016_2020,1259,0.5401217797168263,-0.2601596563680376,1.481474458416269,2.2322564939008758,2.076116594160692,1.3336267334313794
CAUSAL_OPEN_REPLICATION,EARLY1_CURRENT_LIQ,5,2021_2025,1255,0.46785450411498086,-0.29586599489422727,1.3207766556639469,1.8842303964831877,1.581305429447003,1.290974365245809
CAUSAL_OPEN_REPLICATION,EARLY1_CURRENT_LIQ,5,2022_2025,1003,0.4979889619602327,-0.17051041748247486,1.4600504078303627,2.1266348043689223,2.92057792897854,1.3371590540170708
CAUSAL_OPEN_REPLICATION,EARLY1_CURRENT_LIQ,5,2022_2026_AVAILABLE,1056,0.4647356886715004,-0.17483811163935103,1.3605122197688344,1.9653101872492076,2.658091444216341,1.3091663785558072
CAUSAL_OPEN_REPLICATION,EARLY1_CURRENT_LIQ,5,2016,252,0.30181353334046834,-0.14283909234928893,1.343409488918777,1.990186949778194,2.1129617136073238,1.2745487890313152
CAUSAL_OPEN_REPLICATION,EARLY1_CURRENT_LIQ,5,2017,251,0.36456007674395186,-0.12255555126564466,1.4937818417413562,1.9725441893003506,2.97465168227061,1.296351862573741
CAUSAL_OPEN_REPLICATION,EARLY1_CURRENT_LIQ,5,2018,251,0.21393525614258313,-0.26015965636803706,0.7120450351676366,1.03229816066989,0.8223229501807836,1.1497260232551536
CAUSAL_OPEN_REPLICATION,EARLY1_CURRENT_LIQ,5,2019,252,0.4720473079948231,-0.12206450747560427,1.566057767445359,2.4031943264632205,3.8671954506445387,1.3145639445135868
CAUSAL_OPEN_REPLICATION,EARLY1_CURRENT_LIQ,5,2020,253,1.7196801319074235,-0.24588172552076137,2.3140572207351795,3.6855181572657685,6.993932258549324,1.555606979221136
CAUSAL_OPEN_REPLICATION,EARLY1_CURRENT_LIQ,5,2021,252,0.35380373285052324,-0.29586599489422727,0.9423040248106462,1.288916157340169,1.195824254750901,1.1780324266925934
CAUSAL_OPEN_REPLICATION,EARLY1_CURRENT_LIQ,5,2022,251,-0.07852518736656688,-0.17051041748247486,-0.2901947413975128,-0.3620380230276624,-0.46053014546538035,0.9221898470287931
CAUSAL_OPEN_REPLICATION,EARLY1_CURRENT_LIQ,5,2023,250,0.5698237840278946,-0.15298802508431364,1.7794150402436255,2.8011354705902796,3.724629974887626,1.3990590440626252
CAUSAL_OPEN_REPLICATION,EARLY1_CURRENT_LIQ,5,2024,252,0.827094190906658,-0.15379814815551796,1.786560252904835,2.6517317712322512,5.377790310389922,1.3677653770369234
CAUSAL_OPEN_REPLICATION,EARLY1_CURRENT_LIQ,5,2025,250,0.9058697836705671,-0.13757771073780523,2.016622862393,2.9262784432262308,6.5844225697065735,1.4601376175635512
CAUSAL_OPEN_REPLICATION,EARLY1_CURRENT_LIQ,5,2026,53,-0.042238410107425906,-0.17483811163935103,0.12593563532576615,0.17084146952274112,-0.24158582880689985,1.022691165768772
CAUSAL_OPEN_REPLICATION,EARLY1_CURRENT_LIQ,10,FULL,2567,0.47115469565646806,-0.2972189798957534,1.3267844277273502,1.9325084657943912,1.5852106612495638,1.2925640372038767
CAUSAL_OPEN_REPLICATION,EARLY1_CURRENT_LIQ,10,2016_2020,1259,0.5206582944465366,-0.26154533488293064,1.4428572417139645,2.1697874085260125,1.9906999858345267,1.3234948058804268
CAUSAL_OPEN_REPLICATION,EARLY1_CURRENT_LIQ,10,2021_2025,1255,0.45038352229660594,-0.2972189798957535,1.284997561128003,1.8298539352893024,1.5153255773052356,1.281969017803322
CAUSAL_OPEN_REPLICATION,EARLY1_CURRENT_LIQ,10,2022_2025,1003,0.48219451962346915,-0.17146338110185477,1.4260668363581075,2.0732477132293528,2.8122303230275745,1.3280655928371763
CAUSAL_OPEN_REPLICATION,EARLY1_CURRENT_LIQ,10,2022_2026_AVAILABLE,1056,0.44858886041548485,-0.17665227060457922,1.325875092622478,1.9115980301313085,2.5393891563364734,1.3001255987667104
CAUSAL_OPEN_REPLICATION,EARLY1_CURRENT_LIQ,10,2016,252,0.2844735360661055,-0.14679052661500913,1.280964110921066,1.8905767198036605,1.937955688463471,1.2600996250833691
CAUSAL_OPEN_REPLICATION,EARLY1_CURRENT_LIQ,10,2017,251,0.34368200881010913,-0.12408286766428034,1.4252519489056998,1.8774410162160224,2.769778094909751,1.2812362596835727
CAUSAL_OPEN_REPLICATION,EARLY1_CURRENT_LIQ,10,2018,251,0.20069323246448145,-0.26154533488293086,0.6821409594959287,0.9874319420105719,0.767336311138231,1.142925895284144
CAUSAL_OPEN_REPLICATION,EARLY1_CURRENT_LIQ,10,2019,252,0.4574241086469344,-0.12284154618667409,1.5291111041934606,2.3420774978581624,3.7236922103847303,1.305848477947195
CAUSAL_OPEN_REPLICATION,EARLY1_CURRENT_LIQ,10,2020,253,1.682378109473309,-0.24905884003621792,2.2857927519379975,3.6342280597177985,6.75494236313258,1.546829313727087
CAUSAL_OPEN_REPLICATION,EARLY1_CURRENT_LIQ,10,2021,252,0.33039444972371657,-0.2972189798957535,0.9001360346078646,1.2291170857072022,1.111619620791374,1.1693131342942062
CAUSAL_OPEN_REPLICATION,EARLY1_CURRENT_LIQ,10,2022,251,-0.08580618015016483,-0.17146338110185477,-0.32848372363514833,-0.4090197475846859,-0.5004344344475116,0.9124485693102214
CAUSAL_OPEN_REPLICATION,EARLY1_CURRENT_LIQ,10,2023,250,0.5548574679649578,-0.15472403603054663,1.7446096490385976,2.740316225650233,3.5861103562177905,1.3899515170681798
CAUSAL_OPEN_REPLICATION,EARLY1_CURRENT_LIQ,10,2024,252,0.802202236655863,-0.15547934507903116,1.7506371073184037,2.5939251405015202,5.159542164575612,1.3590244144179988
CAUSAL_OPEN_REPLICATION,EARLY1_CURRENT_LIQ,10,2025,250,0.8847280946391023,-0.13808812671789306,1.9850730687067846,2.8754624979868133,6.406981654885914,1.4515934358150357
CAUSAL_OPEN_REPLICATION,EARLY1_CURRENT_LIQ,10,2026,53,-0.061453776452698006,-0.17665227060457955,0.08047100867882068,0.10890211005346287,-0.34787991256708406,1.0144275964816958
CAUSAL_OPEN_REPLICATION,EARLY1_CURRENT_LIQ,20,FULL,2567,0.4347751429644593,-0.2999194788828977,1.2518539917730842,1.8164123302295878,1.4496395652054843,1.2737144520283523
CAUSAL_OPEN_REPLICATION,EARLY1_CURRENT_LIQ,20,2016_2020,1259,0.482435961470455,-0.26430962351999454,1.3654268112349854,2.0452389069232737,1.8252682405033942,1.3034158535372629
CAUSAL_OPEN_REPLICATION,EARLY1_CURRENT_LIQ,20,2021_2025,1255,0.41603889787410187,-0.2999194788828977,1.2132739993318116,1.721438801357682,1.3871686474773532,1.2641250038847633
CAUSAL_OPEN_REPLICATION,EARLY1_CURRENT_LIQ,20,2022_2025,1003,0.45108216122908784,-0.17336653645460398,1.3579290598067502,1.966810762572937,2.601898673491719,1.3100552915385917
CAUSAL_OPEN_REPLICATION,EARLY1_CURRENT_LIQ,20,2022_2026_AVAILABLE,1056,0.4168040600938394,-0.18027262205009142,1.2564269583575929,1.8045249131466536,2.3120763172680996,1.282224901847525
CAUSAL_OPEN_REPLICATION,EARLY1_CURRENT_LIQ,20,2016,252,0.25044524751056785,-0.15464906687350188,1.1555356223377773,1.6926896778904543,1.619442345005704,1.231628752146902
CAUSAL_OPEN_REPLICATION,EARLY1_CURRENT_LIQ,20,2017,251,0.3028475660181216,-0.1271303384818755,1.2878533678666932,1.6882480713723464,2.382181701351306,1.2512711391780442
CAUSAL_OPEN_REPLICATION,EARLY1_CURRENT_LIQ,20,2018,251,0.17462308701515683,-0.26430962351999454,0.6222398524802155,0.8979659963469332,0.6606762352788373,1.1294396331727
CAUSAL_OPEN_REPLICATION,EARLY1_CURRENT_LIQ,20,2019,252,0.42859374953716234,-0.1243934609952364,1.4550658391670903,2.220188471306304,3.44546848450157,1.2886300160061268
CAUSAL_OPEN_REPLICATION,EARLY1_CURRENT_LIQ,20,2020,253,1.6092526216009668,-0.2553770808317145,2.2291104962338757,3.531857691971443,6.301476296776271,1.5294478876885844
CAUSAL_OPEN_REPLICATION,EARLY1_CURRENT_LIQ,20,2021,252,0.2847497898853757,-0.2999194788828977,0.8156510666462914,1.1099082042769814,0.9494207943611259,1.1520430993846567
CAUSAL_OPEN_REPLICATION,EARLY1_CURRENT_LIQ,20,2022,251,-0.10020265864319466,-0.17336653645460398,-0.4050132195481307,-0.5023857843099603,-0.5779815452991571,0.893327815686101
CAUSAL_OPEN_REPLICATION,EARLY1_CURRENT_LIQ,20,2023,250,0.5253295063948629,-0.15818728126721815,1.6747999028342009,2.6191784823116886,3.320933909392178,1.3719068413016755
CAUSAL_OPEN_REPLICATION,EARLY1_CURRENT_LIQ,20,2024,252,0.7533899545237894,-0.15883565555086754,1.6785637450366384,2.478525873206211,4.7432042378073875,1.3417118055220965
CAUSAL_OPEN_REPLICATION,EARLY1_CURRENT_LIQ,20,2025,250,0.8431208780927801,-0.13910844310159343,1.9218085936505636,2.774125774193817,6.060889327019738,1.4346228117218884
CAUSAL_OPEN_REPLICATION,EARLY1_CURRENT_LIQ,20,2026,53,-0.09877888722768258,-0.1802726220500912,-0.010665181575204236,-0.014363633097135786,-0.5479417013207669,0.9981064442839885
