period,method,dimension,bucket,n,mean20,median20,win20,pf20,mae20,p10_20
DISCOVERY,M10_RSI55_DD075,mc_bucket,20_50_NOTUP,607,0.042780748560450624,0.03010622982715072,0.6194398682042833,2.221576481175075,-0.08794013046290898,-0.11800402379521477
DISCOVERY,M10_RSI55_DD075,mc_bucket,20_50_UP,1067,0.021320750523823918,0.018138144208903806,0.5791940018744143,1.5214896302061063,-0.0886299571753051,-0.13404197795767814
DISCOVERY,M10_RSI55_DD075,mc_bucket,GE50_OTHER,952,0.010787575424715196,-0.01131726275967826,0.45168067226890757,1.1830815705669517,-0.11905044353900951,-0.1706837325891701
DISCOVERY,M10_RSI55_DD075,mc_bucket,GE50_UP,2124,0.011918213869378242,0.0010642724952791846,0.5028248587570622,1.2336612633456863,-0.1062820945889256,-0.16411148647586346
DISCOVERY,M10_RSI55_DD075,mc_bucket,LT20,487,0.0013353713583016478,-0.002274358143817156,0.486652977412731,1.0262150718521075,-0.11857040003159183,-0.1686726622775918
DISCOVERY,M10_RSI55_DD075,sector_bucket,50_60,760,0.013581504396020315,-0.0007268308316239471,0.49605263157894736,1.2651227868533228,-0.1052484436009858,-0.15378311617527254
DISCOVERY,M10_RSI55_DD075,sector_bucket,60_70,909,0.015214609905192166,0.002503843416511776,0.517051705170517,1.2992838531916315,-0.10624231566756841,-0.16425378869365428
DISCOVERY,M10_RSI55_DD075,sector_bucket,70_80,931,0.026973727177416616,0.01519181036270878,0.5703544575725027,1.6947504189988107,-0.09363044633472156,-0.12756955644255796
DISCOVERY,M10_RSI55_DD075,sector_bucket,GE80,2637,0.013533172299023446,0.0035248824844552615,0.5123246113007205,1.2686650918074742,-0.10657480919690628,-0.16159733717548375
DISCOVERY,M10_RSI55_DD075,rs189_bucket,85_90,1327,0.014891686785390693,0.00895770439827126,0.5508666164280331,1.444105455032966,-0.07936991578384775,-0.10996651719014829
DISCOVERY,M10_RSI55_DD075,rs189_bucket,90_95,1672,0.015376746242843072,0.01047650052243787,0.5430622009569378,1.3756020259149044,-0.09217873281357952,-0.1276716163242797
DISCOVERY,M10_RSI55_DD075,rs189_bucket,GE95,2003,0.020239801578000552,-0.0011201696171212463,0.491263105341987,1.336312809864068,-0.12401905393266004,-0.18827757518155827
DISCOVERY,M10_RSI60_DD075,mc_bucket,20_50_NOTUP,1149,0.04389187623571013,0.030846755215851673,0.6153176675369887,2.340727375339437,-0.08412997283953759,-0.11823444096746913
DISCOVERY,M10_RSI60_DD075,mc_bucket,20_50_UP,1584,0.029671555261521296,0.022012502896902486,0.5978535353535354,1.862795314046691,-0.0831713938286528,-0.11967437184589179
DISCOVERY,M10_RSI60_DD075,mc_bucket,GE50_OTHER,1853,0.017658474898868876,-0.001,0.49217485159201296,1.3395085831217215,-0.10982561439098389,-0.15946860389628412
DISCOVERY,M10_RSI60_DD075,mc_bucket,GE50_UP,3659,0.015522264029608226,0.000917497939039503,0.5031429352282044,1.313829470713076,-0.10175261260336574,-0.1553520726481528
DISCOVERY,M10_RSI60_DD075,mc_bucket,LT20,675,-0.007049377880177107,-0.005109584043849535,0.47703703703703704,0.8655366176343607,-0.1209212343069929,-0.1800151067220968
DISCOVERY,M10_RSI60_DD075,sector_bucket,50_60,1467,0.02138417364968558,0.004719360788972727,0.5180640763462849,1.4308276507152669,-0.10320968554524482,-0.15514163097694086
DISCOVERY,M10_RSI60_DD075,sector_bucket,60_70,1562,0.01880112806948484,0.008002902564539949,0.529449423815621,1.425832489307611,-0.09581094326588127,-0.14487615026508935
DISCOVERY,M10_RSI60_DD075,sector_bucket,70_80,1540,0.025379357403545244,0.012342781491159638,0.5564935064935065,1.6317717027675616,-0.09491101837974522,-0.13330807181501547
DISCOVERY,M10_RSI60_DD075,sector_bucket,GE80,4351,0.01893085316980416,0.007358976638839,0.5251666283612962,1.4094088346549547,-0.10080948342350148,-0.14901447243820953
DISCOVERY,M10_RSI60_DD075,rs189_bucket,85_90,2636,0.017380239501802557,0.01174896391300051,0.5584218512898331,1.5310114790987763,-0.07656248564409802,-0.10489724503722919
DISCOVERY,M10_RSI60_DD075,rs189_bucket,90_95,2716,0.016007388074071798,0.007643031353653852,0.5338733431516937,1.3972091338092099,-0.09020375398153095,-0.12622826233013767
DISCOVERY,M10_RSI60_DD075,rs189_bucket,GE95,3171,0.030391173525129277,0.005666660308837891,0.5130873541469568,1.5449815420861768,-0.12009335139398376,-0.17684743862075425
DISCOVERY,M10_RSI65_DD075,mc_bucket,20_50_NOTUP,1421,0.0424431239046697,0.03102105882816064,0.6228008444757214,2.32392574270943,-0.08115112327050507,-0.11065260852713432
DISCOVERY,M10_RSI65_DD075,mc_bucket,20_50_UP,1695,0.027421669516155364,0.01886802421366529,0.5882005899705015,1.7636374440522355,-0.08440673094757274,-0.1167731740952058
DISCOVERY,M10_RSI65_DD075,mc_bucket,GE50_OTHER,2721,0.015321095093319151,-0.001,0.4954061006982727,1.2957925423099916,-0.10798658126733657,-0.1612244701875718
DISCOVERY,M10_RSI65_DD075,mc_bucket,GE50_UP,4661,0.014033730974986773,0.0008484711948041354,0.5031109204033469,1.297900459505216,-0.09877707803635065,-0.14849257714617647
DISCOVERY,M10_RSI65_DD075,mc_bucket,LT20,764,-0.009453693386786323,-0.005101848100751038,0.4790575916230366,0.813261474573355,-0.1174994304236739,-0.17294364219468836
DISCOVERY,M10_RSI65_DD075,sector_bucket,50_60,1965,0.01732081058335532,0.0059605066541733595,0.5236641221374045,1.3591094527857437,-0.09993457866539203,-0.15297256415381272
DISCOVERY,M10_RSI65_DD075,sector_bucket,60_70,1901,0.016424073796164056,0.005493231225831453,0.5181483429773803,1.3700151242150111,-0.0960980684342363,-0.14487889558265388
DISCOVERY,M10_RSI65_DD075,sector_bucket,70_80,1872,0.027782427904727822,0.012218288337443983,0.5592948717948718,1.705879771139012,-0.09226433159576866,-0.13102154504947944
DISCOVERY,M10_RSI65_DD075,sector_bucket,GE80,5524,0.016184367279832988,0.005932374109790307,0.5213613323678494,1.3536839695176575,-0.09967658660478024,-0.1444985043004982
DISCOVERY,M10_RSI65_DD075,rs189_bucket,85_90,3586,0.015555637005530648,0.010609238082653683,0.5504740658114892,1.4502348280783588,-0.07841430123660094,-0.10831089489756368
DISCOVERY,M10_RSI65_DD075,rs189_bucket,90_95,3367,0.013572829628430188,0.006983805027730773,0.5307395307395307,1.3427214501206508,-0.08870652973482675,-0.1262187079546186
DISCOVERY,M10_RSI65_DD075,rs189_bucket,GE95,3830,0.028576230708094195,0.005204191365762779,0.5120104438642298,1.5250046146906744,-0.11796301380448526,-0.1732243094367758
DISCOVERY,M5_RSI65_DD075,mc_bucket,20_50_NOTUP,1364,0.043732900761090085,0.029577216118770178,0.6326979472140762,2.3890415262363303,-0.08089067570221682,-0.10730363047436388
DISCOVERY,M5_RSI65_DD075,mc_bucket,20_50_UP,1864,0.027872535394448613,0.021232935724382673,0.596030042918455,1.8037774996701375,-0.08301298081607106,-0.11678641918782841
DISCOVERY,M5_RSI65_DD075,mc_bucket,GE50_OTHER,2715,0.01718281481755198,-0.003366952171376613,0.4876611418047882,1.328618246427293,-0.108426838027731,-0.15966490787024473
DISCOVERY,M5_RSI65_DD075,mc_bucket,GE50_UP,4992,0.014371430290153916,0.0013903027003018273,0.5050080128205128,1.3018015493599011,-0.09877805389892402,-0.14888712271760346
DISCOVERY,M5_RSI65_DD075,mc_bucket,LT20,787,-0.005640340709783088,-0.004544621979288176,0.48284625158831,0.888756682834367,-0.11757159324137141,-0.17473913760586957
DISCOVERY,M5_RSI65_DD075,sector_bucket,50_60,2050,0.014146164089091926,0.006365571481140032,0.5273170731707317,1.2892076108526853,-0.10075217249614533,-0.15074853147676487
DISCOVERY,M5_RSI65_DD075,sector_bucket,60_70,2003,0.02358474437337122,0.007501542119727201,0.527209186220669,1.5322859399497109,-0.0948779191662249,-0.14475427601242707
DISCOVERY,M5_RSI65_DD075,sector_bucket,70_80,1922,0.028540018957046404,0.014158084295856854,0.5624349635796045,1.7269341298756662,-0.09140283199752035,-0.13055018196973492
DISCOVERY,M5_RSI65_DD075,sector_bucket,GE80,5747,0.016437595426298517,0.00511114501953125,0.5187054115190535,1.3596287891475367,-0.09967290121496038,-0.14456463017005972
DISCOVERY,M5_RSI65_DD075,rs189_bucket,85_90,3788,0.017296659529524933,0.010090617740078467,0.5509503695881732,1.4997373692238005,-0.07790725933688905,-0.10873421795812305
DISCOVERY,M5_RSI65_DD075,rs189_bucket,90_95,3502,0.013961356961289645,0.008014767699326408,0.5351227869788692,1.3533342315190997,-0.08865469812639343,-0.1259283000573025
DISCOVERY,M5_RSI65_DD075,rs189_bucket,GE95,3936,0.0283280475978704,0.004876581315204077,0.5104166666666666,1.5114599576390908,-0.1185251528796928,-0.17447781241900928
CONFIRM,M10_RSI55_DD075,mc_bucket,20_50_NOTUP,641,0.009798880564112945,-0.0069942402088778435,0.4836193447737909,1.1796271361759683,-0.1118141510623178,-0.1606468371792492
CONFIRM,M10_RSI55_DD075,mc_bucket,20_50_UP,1084,0.025530689668525286,0.011159797046166098,0.5350553505535055,1.5505487590410247,-0.10382538656559862,-0.14577897579765098
CONFIRM,M10_RSI55_DD075,mc_bucket,GE50_OTHER,731,0.023144787618076423,-0.012111129425843359,0.4746922024623803,1.3146259809713075,-0.1386396520098677,-0.21760651020976585
CONFIRM,M10_RSI55_DD075,mc_bucket,GE50_UP,1787,0.0038986430165266032,-0.013681343247134437,0.4622271964185786,1.0507855308039342,-0.13910722175521784,-0.23520000090171478
CONFIRM,M10_RSI55_DD075,mc_bucket,LT20,938,0.02465547580583682,0.015946031052522458,0.5618336886993603,1.6363175804464707,-0.09398353975988598,-0.1332179769452292
CONFIRM,M10_RSI55_DD075,sector_bucket,50_60,752,0.009757721821652167,-0.009532035691056984,0.46808510638297873,1.1682195774582775,-0.11988556332029768,-0.18491158233938668
CONFIRM,M10_RSI55_DD075,sector_bucket,60_70,741,0.0027237071082075034,-0.00404811448836162,0.4885290148448043,1.0476091487888775,-0.11538167970976233,-0.18139216957351378
CONFIRM,M10_RSI55_DD075,sector_bucket,70_80,839,0.016683236524152555,-0.0010466175353737164,0.49463647199046484,1.2810194016161938,-0.11482015012467967,-0.18188917745661912
CONFIRM,M10_RSI55_DD075,sector_bucket,GE80,2849,0.02022309299637468,0.0037739184958262015,0.5128115128115128,1.3260353694059366,-0.12296260681720295,-0.20208513592664956
CONFIRM,M10_RSI55_DD075,rs189_bucket,85_90,1407,0.016987939605848774,0.006336706832694384,0.5223880597014925,1.3733412798905977,-0.09334413939058574,-0.1458743804103614
CONFIRM,M10_RSI55_DD075,rs189_bucket,90_95,1676,0.014209622398888275,0.000686518164702,0.502983293556086,1.2753518583742567,-0.10715490053008754,-0.15594133245813413
CONFIRM,M10_RSI55_DD075,rs189_bucket,GE95,1971,0.014663972856996556,-0.007514732411626256,0.4824961948249619,1.1917511673994952,-0.14755541302078642,-0.23676075693761267
CONFIRM,M10_RSI60_DD075,mc_bucket,20_50_NOTUP,1125,0.013296314546044736,-0.007993624212252914,0.4728888888888889,1.2408205237810266,-0.11148905767367723,-0.17290026609544293
CONFIRM,M10_RSI60_DD075,mc_bucket,20_50_UP,1639,0.02836634848546499,0.010809163868636396,0.5326418547895058,1.6029763513259891,-0.10318992513902178,-0.14992096327085555
CONFIRM,M10_RSI60_DD075,mc_bucket,GE50_OTHER,1425,0.013204629059798797,-0.012111129425843359,0.45964912280701753,1.190448964097468,-0.13161817087417318,-0.20532554190137345
CONFIRM,M10_RSI60_DD075,mc_bucket,GE50_UP,2982,0.008884893267710164,-0.0055198797751391795,0.48390342052313884,1.1314518161096554,-0.1288723377742115,-0.21447056477346665
CONFIRM,M10_RSI60_DD075,mc_bucket,LT20,1340,0.02281781736276401,0.0142336771507251,0.5574626865671641,1.572222254736243,-0.09189682612316562,-0.13330750476976685
CONFIRM,M10_RSI60_DD075,sector_bucket,50_60,1375,0.01029170457569301,-0.00715035189929336,0.47563636363636363,1.1759569716571474,-0.11664775800222796,-0.19718086537961002
CONFIRM,M10_RSI60_DD075,sector_bucket,60_70,1224,0.012023961608195376,0.0010558146010635214,0.5032679738562091,1.2218519457631456,-0.11111605595136813,-0.1662677324498202
CONFIRM,M10_RSI60_DD075,sector_bucket,70_80,1374,0.011707178388952659,-0.00022862454977445792,0.4992721979621543,1.2119749292175304,-0.11220552336956753,-0.17636758047623247
CONFIRM,M10_RSI60_DD075,sector_bucket,GE80,4538,0.020357852914538614,0.0019620014904434555,0.5055090348171001,1.3417047818593475,-0.11877067432389976,-0.1862527561160275
CONFIRM,M10_RSI60_DD075,rs189_bucket,85_90,2637,0.01766480835218191,0.005932402423787343,0.5202882062950323,1.3931821260679915,-0.09299752159354778,-0.14387936595709294
CONFIRM,M10_RSI60_DD075,rs189_bucket,90_95,2600,0.010516703714415956,-0.002934654161286964,0.4896153846153846,1.2033654527181337,-0.10564936859481114,-0.15904845072160764
CONFIRM,M10_RSI60_DD075,rs189_bucket,GE95,3049,0.018759946046189534,-0.004130201233783159,0.4896687438504428,1.2596361567423382,-0.14222750171735093,-0.2239754374000866
CONFIRM,M10_RSI65_DD075,mc_bucket,20_50_NOTUP,1443,0.009451518366272069,-0.008554778624395687,0.4726264726264726,1.1721027317328496,-0.1101449516354977,-0.1663357338279055
CONFIRM,M10_RSI65_DD075,mc_bucket,20_50_UP,1930,0.021832286353471172,0.007571735775371847,0.5284974093264249,1.4631551718862634,-0.10137907125195604,-0.1489488993623047
CONFIRM,M10_RSI65_DD075,mc_bucket,GE50_OTHER,1964,0.018383895715088666,-0.001,0.4959266802443992,1.289090234615949,-0.12356416179929756,-0.1971173189850164
CONFIRM,M10_RSI65_DD075,mc_bucket,GE50_UP,3747,0.012559441961188227,-0.005937978714467883,0.48331998932479314,1.1908790366524207,-0.12715631287935106,-0.2066112522151408
CONFIRM,M10_RSI65_DD075,mc_bucket,LT20,1499,0.021099758542059237,0.012098838411213175,0.5496997998665777,1.5205786578315412,-0.09074897435191565,-0.12899149300285628
CONFIRM,M10_RSI65_DD075,sector_bucket,50_60,1855,0.011314312855460619,-0.005376411938760927,0.4884097035040431,1.19484481430694,-0.11513827936544233,-0.1849676134817491
CONFIRM,M10_RSI65_DD075,sector_bucket,60_70,1538,0.010823349318563946,0.0029842333269433094,0.5156046814044213,1.2056016846819346,-0.10949767088066628,-0.16636669589674247
CONFIRM,M10_RSI65_DD075,sector_bucket,70_80,1709,0.005817902029120964,-0.002741701418215058,0.4885898186073727,1.1049716531549219,-0.11175066912306576,-0.16792648121526005
CONFIRM,M10_RSI65_DD075,sector_bucket,GE80,5481,0.02243978028930572,0.0025261053900415007,0.5066593687283343,1.385531905917954,-0.11618270093849463,-0.18198156929303255
CONFIRM,M10_RSI65_DD075,rs189_bucket,85_90,3473,0.01880658826831475,0.006596688361854564,0.5234667434494673,1.4271502147125297,-0.09126097461612581,-0.13651957569148007
CONFIRM,M10_RSI65_DD075,rs189_bucket,90_95,3183,0.012272754675179921,-0.001,0.4948162111215834,1.2406438391575068,-0.10457444373181263,-0.1552371234033772
CONFIRM,M10_RSI65_DD075,rs189_bucket,GE95,3655,0.015595385224456223,-0.00559560571773332,0.48727770177838575,1.2145171615681436,-0.1421804317214616,-0.22256319919441261
CONFIRM,M5_RSI65_DD075,mc_bucket,20_50_NOTUP,1522,0.005567301428286878,-0.009106059263225552,0.4664914586070959,1.0988753557616908,-0.11252192909561504,-0.17078234740907422
CONFIRM,M5_RSI65_DD075,mc_bucket,20_50_UP,2065,0.02477000865257496,0.009290850192354205,0.5351089588377724,1.5493850843780395,-0.09917620063870486,-0.1440108040946793
CONFIRM,M5_RSI65_DD075,mc_bucket,GE50_OTHER,1936,0.015923684501102774,-0.005442326526854112,0.4834710743801653,1.2424692839047076,-0.12531382396120289,-0.20363874414523392
CONFIRM,M5_RSI65_DD075,mc_bucket,GE50_UP,4010,0.013471586546528934,-0.0058209679460973765,0.4832917705735661,1.208158749979343,-0.1264615575713918,-0.2029998126252493
CONFIRM,M5_RSI65_DD075,mc_bucket,LT20,1513,0.021574924378721334,0.012098838411213175,0.5479180436219432,1.5447527425200287,-0.0896636457469506,-0.13009426076709693
CONFIRM,M5_RSI65_DD075,sector_bucket,50_60,1965,0.012106445563953258,-0.004461544330303434,0.48854961832061067,1.218379552880037,-0.11286550737802864,-0.17870976804771016
CONFIRM,M5_RSI65_DD075,sector_bucket,60_70,1622,0.011602860739735635,0.0018934673476572747,0.5098643649815043,1.2208034846154108,-0.10873544215515119,-0.1665471899049085
CONFIRM,M5_RSI65_DD075,sector_bucket,70_80,1792,0.006103486935210891,-0.003027461969917932,0.48716517857142855,1.1081714026354452,-0.11362067583797957,-0.16937140798618475
CONFIRM,M5_RSI65_DD075,sector_bucket,GE80,5667,0.021805050684881602,0.00198512289016295,0.5043232751014646,1.3743324088474365,-0.11640707167683374,-0.18396654845556024
CONFIRM,M5_RSI65_DD075,rs189_bucket,85_90,3656,0.016940489887759935,0.0035656146089509963,0.5136761487964989,1.3793127679142516,-0.09198655400867113,-0.14071243728817018
CONFIRM,M5_RSI65_DD075,rs189_bucket,90_95,3360,0.012476030720454319,-0.0005513909328612723,0.4973214285714286,1.2459091899991783,-0.10512460232776202,-0.15392815366726453
CONFIRM,M5_RSI65_DD075,rs189_bucket,GE95,3750,0.01726132631218936,-0.004888827735092415,0.4866666666666667,1.2402510628671888,-0.14154847144188515,-0.22249018834372244
