period,cohort,runner_threshold,method,episodes,covered_63d,coverage_rate,median_days_to_entry
DISCOVERY,ALL,0.5,M10_RSI55_DD075,2160,1290,0.5972222222222222,24.0
DISCOVERY,ALL,0.5,M10_RSI60_DD075,2160,1762,0.8157407407407408,15.0
DISCOVERY,ALL,0.5,M10_RSI65_DD075,2160,1927,0.8921296296296296,10.0
DISCOVERY,ALL,0.5,M5_RSI65_DD075,2160,1957,0.9060185185185186,9.0
DISCOVERY,ALL,0.8,M10_RSI55_DD075,1026,619,0.6033138401559455,25.0
DISCOVERY,ALL,0.8,M10_RSI60_DD075,1026,849,0.827485380116959,15.0
DISCOVERY,ALL,0.8,M10_RSI65_DD075,1026,925,0.9015594541910331,10.0
DISCOVERY,ALL,0.8,M5_RSI65_DD075,1026,936,0.9122807017543859,9.0
DISCOVERY,ALL,1.0,M10_RSI55_DD075,721,430,0.5963938973647711,25.0
DISCOVERY,ALL,1.0,M10_RSI60_DD075,721,601,0.8335644937586685,15.0
DISCOVERY,ALL,1.0,M10_RSI65_DD075,721,651,0.9029126213592233,10.0
DISCOVERY,ALL,1.0,M5_RSI65_DD075,721,657,0.9112343966712899,10.0
DISCOVERY,YOUNG,0.5,M10_RSI55_DD075,302,185,0.6125827814569537,26.0
DISCOVERY,YOUNG,0.5,M10_RSI60_DD075,302,258,0.8543046357615894,14.0
DISCOVERY,YOUNG,0.5,M10_RSI65_DD075,302,275,0.9105960264900662,8.0
DISCOVERY,YOUNG,0.5,M5_RSI65_DD075,302,280,0.9271523178807947,8.0
DISCOVERY,YOUNG,0.8,M10_RSI55_DD075,148,90,0.6081081081081081,23.5
DISCOVERY,YOUNG,0.8,M10_RSI60_DD075,148,125,0.8445945945945946,14.0
DISCOVERY,YOUNG,0.8,M10_RSI65_DD075,148,135,0.9121621621621622,8.0
DISCOVERY,YOUNG,0.8,M5_RSI65_DD075,148,136,0.918918918918919,6.0
DISCOVERY,YOUNG,1.0,M10_RSI55_DD075,101,59,0.5841584158415841,22.0
DISCOVERY,YOUNG,1.0,M10_RSI60_DD075,101,85,0.8415841584158416,17.0
DISCOVERY,YOUNG,1.0,M10_RSI65_DD075,101,89,0.8811881188118812,10.0
DISCOVERY,YOUNG,1.0,M5_RSI65_DD075,101,90,0.8910891089108911,6.5
DISCOVERY,MATURE,0.5,M10_RSI55_DD075,1858,1105,0.5947255113024758,24.0
DISCOVERY,MATURE,0.5,M10_RSI60_DD075,1858,1504,0.8094725511302476,15.0
DISCOVERY,MATURE,0.5,M10_RSI65_DD075,1858,1652,0.8891280947255114,10.0
DISCOVERY,MATURE,0.5,M5_RSI65_DD075,1858,1677,0.9025834230355221,9.0
DISCOVERY,MATURE,0.8,M10_RSI55_DD075,878,529,0.60250569476082,26.0
DISCOVERY,MATURE,0.8,M10_RSI60_DD075,878,724,0.8246013667425968,15.0
DISCOVERY,MATURE,0.8,M10_RSI65_DD075,878,790,0.8997722095671982,10.0
DISCOVERY,MATURE,0.8,M5_RSI65_DD075,878,800,0.9111617312072893,10.0
DISCOVERY,MATURE,1.0,M10_RSI55_DD075,620,371,0.5983870967741935,26.0
DISCOVERY,MATURE,1.0,M10_RSI60_DD075,620,516,0.832258064516129,15.0
DISCOVERY,MATURE,1.0,M10_RSI65_DD075,620,562,0.9064516129032258,10.0
DISCOVERY,MATURE,1.0,M5_RSI65_DD075,620,567,0.9145161290322581,10.0
CONFIRM,ALL,0.5,M10_RSI55_DD075,1973,1238,0.6274708565636087,24.0
CONFIRM,ALL,0.5,M10_RSI60_DD075,1973,1633,0.8276735935124176,15.0
CONFIRM,ALL,0.5,M10_RSI65_DD075,1973,1753,0.8884946781550938,9.0
CONFIRM,ALL,0.5,M5_RSI65_DD075,1973,1784,0.9042067916877851,8.0
CONFIRM,ALL,0.8,M10_RSI55_DD075,1023,649,0.6344086021505376,25.0
CONFIRM,ALL,0.8,M10_RSI60_DD075,1023,855,0.8357771260997068,15.0
CONFIRM,ALL,0.8,M10_RSI65_DD075,1023,920,0.8993157380254154,9.0
CONFIRM,ALL,0.8,M5_RSI65_DD075,1023,934,0.9130009775171065,8.0
CONFIRM,ALL,1.0,M10_RSI55_DD075,712,461,0.6474719101123596,25.0
CONFIRM,ALL,1.0,M10_RSI60_DD075,712,604,0.848314606741573,14.5
CONFIRM,ALL,1.0,M10_RSI65_DD075,712,643,0.9030898876404494,9.0
CONFIRM,ALL,1.0,M5_RSI65_DD075,712,652,0.9157303370786517,8.0
CONFIRM,YOUNG,0.5,M10_RSI55_DD075,80,46,0.575,28.5
CONFIRM,YOUNG,0.5,M10_RSI60_DD075,80,61,0.7625,11.0
CONFIRM,YOUNG,0.5,M10_RSI65_DD075,80,69,0.8625,8.0
CONFIRM,YOUNG,0.5,M5_RSI65_DD075,80,71,0.8875,8.0
CONFIRM,YOUNG,0.8,M10_RSI55_DD075,49,31,0.6326530612244898,28.0
CONFIRM,YOUNG,0.8,M10_RSI60_DD075,49,38,0.7755102040816326,10.5
CONFIRM,YOUNG,0.8,M10_RSI65_DD075,49,41,0.8367346938775511,6.0
CONFIRM,YOUNG,0.8,M5_RSI65_DD075,49,42,0.8571428571428571,6.5
CONFIRM,YOUNG,1.0,M10_RSI55_DD075,34,22,0.6470588235294118,28.0
CONFIRM,YOUNG,1.0,M10_RSI60_DD075,34,27,0.7941176470588235,10.0
CONFIRM,YOUNG,1.0,M10_RSI65_DD075,34,29,0.8529411764705882,5.0
CONFIRM,YOUNG,1.0,M5_RSI65_DD075,34,30,0.8823529411764706,5.0
CONFIRM,MATURE,0.5,M10_RSI55_DD075,1893,1192,0.6296883254094031,24.0
CONFIRM,MATURE,0.5,M10_RSI60_DD075,1893,1572,0.8304278922345484,15.0
CONFIRM,MATURE,0.5,M10_RSI65_DD075,1893,1684,0.8895932382461701,9.0
CONFIRM,MATURE,0.5,M5_RSI65_DD075,1893,1713,0.9049128367670365,8.0
CONFIRM,MATURE,0.8,M10_RSI55_DD075,974,618,0.6344969199178645,24.0
CONFIRM,MATURE,0.8,M10_RSI60_DD075,974,817,0.8388090349075975,15.0
CONFIRM,MATURE,0.8,M10_RSI65_DD075,974,879,0.9024640657084189,9.0
CONFIRM,MATURE,0.8,M5_RSI65_DD075,974,892,0.9158110882956879,8.0
CONFIRM,MATURE,1.0,M10_RSI55_DD075,678,439,0.6474926253687315,25.0
CONFIRM,MATURE,1.0,M10_RSI60_DD075,678,577,0.8510324483775811,15.0
CONFIRM,MATURE,1.0,M10_RSI65_DD075,678,614,0.9056047197640118,9.0
CONFIRM,MATURE,1.0,M5_RSI65_DD075,678,622,0.9174041297935103,8.0
