ticker,rows,as_of,source_url,status,error
CIBR,25.0,2024-11-21T00:00:00.000Z,https://api-prod.etf.com/private/fund/CIBR/holdings?type=securities&formatValues=true,FETCHED,
IGV,109.0,2024-11-21T00:00:00.000Z,https://api-prod.etf.com/private/fund/IGV/holdings?type=securities&formatValues=true,FETCHED,
WCLD,62.0,2024-11-20T00:00:00.000Z,https://api-prod.etf.com/private/fund/WCLD/holdings?type=securities&formatValues=true,FETCHED,
OIH,25.0,2024-11-20T00:00:00.000Z,https://api-prod.etf.com/private/fund/OIH/holdings?type=securities&formatValues=true,FETCHED,
DRAM,,,,FAIL,RuntimeError: ETF.com holdings failed for DRAM: no securities rows in ETF.com response
SKYY,61.0,2024-11-21T00:00:00.000Z,https://api-prod.etf.com/private/fund/SKYY/holdings?type=securities&formatValues=true,FETCHED,
XES,30.0,2024-11-20T00:00:00.000Z,https://api-prod.etf.com/private/fund/XES/holdings?type=securities&formatValues=true,FETCHED,
AIQ,57.0,2024-11-20T00:00:00.000Z,https://api-prod.etf.com/private/fund/AIQ/holdings?type=securities&formatValues=true,FETCHED,
ARKW,32.0,2024-11-21T00:00:00.000Z,https://api-prod.etf.com/private/fund/ARKW/holdings?type=securities&formatValues=true,FETCHED,
BOTZ,20.0,2024-11-20T00:00:00.000Z,https://api-prod.etf.com/private/fund/BOTZ/holdings?type=securities&formatValues=true,FETCHED,
SMH,25.0,2024-11-20T00:00:00.000Z,https://api-prod.etf.com/private/fund/SMH/holdings?type=securities&formatValues=true,FETCHED,
HYDR,7.0,2024-11-20T00:00:00.000Z,https://api-prod.etf.com/private/fund/HYDR/holdings?type=securities&formatValues=true,FETCHED,
XOP,53.0,2024-11-20T00:00:00.000Z,https://api-prod.etf.com/private/fund/XOP/holdings?type=securities&formatValues=true,FETCHED,
MOO,17.0,2024-11-20T00:00:00.000Z,https://api-prod.etf.com/private/fund/MOO/holdings?type=securities&formatValues=true,FETCHED,
SOXX,28.0,2024-11-21T00:00:00.000Z,https://api-prod.etf.com/private/fund/SOXX/holdings?type=securities&formatValues=true,FETCHED,
DRIV,40.0,2024-11-20T00:00:00.000Z,https://api-prod.etf.com/private/fund/DRIV/holdings?type=securities&formatValues=true,FETCHED,
XSD,40.0,2024-11-20T00:00:00.000Z,https://api-prod.etf.com/private/fund/XSD/holdings?type=securities&formatValues=true,FETCHED,
QTUM,50.0,2024-11-20T00:00:00.000Z,https://api-prod.etf.com/private/fund/QTUM/holdings?type=securities&formatValues=true,FETCHED,
SLX,25.0,2024-11-20T00:00:00.000Z,https://api-prod.etf.com/private/fund/SLX/holdings?type=securities&formatValues=true,FETCHED,
BLOK,39.0,2024-11-20T00:00:00.000Z,https://api-prod.etf.com/private/fund/BLOK/holdings?type=securities&formatValues=true,FETCHED,
XME,36.0,2024-11-20T00:00:00.000Z,https://api-prod.etf.com/private/fund/XME/holdings?type=securities&formatValues=true,FETCHED,
GRID,43.0,2024-11-21T00:00:00.000Z,https://api-prod.etf.com/private/fund/GRID/holdings?type=securities&formatValues=true,FETCHED,
IAI,32.0,2024-11-21T00:00:00.000Z,https://api-prod.etf.com/private/fund/IAI/holdings?type=securities&formatValues=true,FETCHED,
URA,,,,FAIL,RuntimeError: ETF.com holdings failed for URA: unexpectedly short ETF.com holdings: 4
NLR,8.0,2024-11-20T00:00:00.000Z,https://api-prod.etf.com/private/fund/NLR/holdings?type=securities&formatValues=true,FETCHED,
DTCR,16.0,2024-11-20T00:00:00.000Z,https://api-prod.etf.com/private/fund/DTCR/holdings?type=securities&formatValues=true,FETCHED,
FAN,10.0,2024-11-21T00:00:00.000Z,https://api-prod.etf.com/private/fund/FAN/holdings?type=securities&formatValues=true,FETCHED,
ICLN,13.0,2024-11-20T00:00:00.000Z,https://api-prod.etf.com/private/fund/ICLN/holdings?type=securities&formatValues=true,FETCHED,
SHLD,16.0,2024-11-20T00:00:00.000Z,https://api-prod.etf.com/private/fund/SHLD/holdings?type=securities&formatValues=true,FETCHED,
LIT,6.0,2024-11-20T00:00:00.000Z,https://api-prod.etf.com/private/fund/LIT/holdings?type=securities&formatValues=true,FETCHED,
WOOD,6.0,2024-11-20T00:00:00.000Z,https://api-prod.etf.com/private/fund/WOOD/holdings?type=securities&formatValues=true,FETCHED,
XBI,141.0,2024-11-20T00:00:00.000Z,https://api-prod.etf.com/private/fund/XBI/holdings?type=securities&formatValues=true,FETCHED,
GNOM,38.0,2024-11-20T00:00:00.000Z,https://api-prod.etf.com/private/fund/GNOM/holdings?type=securities&formatValues=true,FETCHED,
PHO,38.0,2024-11-21T00:00:00.000Z,https://api-prod.etf.com/private/fund/PHO/holdings?type=securities&formatValues=true,FETCHED,
KBE,94.0,2024-11-21T00:00:00.000Z,https://api-prod.etf.com/private/fund/KBE/holdings?type=securities&formatValues=true,FETCHED,
TAN,14.0,2024-11-21T00:00:00.000Z,https://api-prod.etf.com/private/fund/TAN/holdings?type=securities&formatValues=true,FETCHED,
KRE,142.0,2024-11-20T00:00:00.000Z,https://api-prod.etf.com/private/fund/KRE/holdings?type=securities&formatValues=true,FETCHED,
IHI,47.0,2024-11-21T00:00:00.000Z,https://api-prod.etf.com/private/fund/IHI/holdings?type=securities&formatValues=true,FETCHED,
KIE,51.0,2024-11-21T00:00:00.000Z,https://api-prod.etf.com/private/fund/KIE/holdings?type=securities&formatValues=true,FETCHED,
COPX,,,,FAIL,RuntimeError: ETF.com holdings failed for COPX: unexpectedly short ETF.com holdings: 1
IYT,44.0,2024-11-21T00:00:00.000Z,https://api-prod.etf.com/private/fund/IYT/holdings?type=securities&formatValues=true,FETCHED,
ITA,35.0,2024-11-21T00:00:00.000Z,https://api-prod.etf.com/private/fund/ITA/holdings?type=securities&formatValues=true,FETCHED,
PAVE,101.0,2024-11-20T00:00:00.000Z,https://api-prod.etf.com/private/fund/PAVE/holdings?type=securities&formatValues=true,FETCHED,
SIL,7.0,2024-11-20T00:00:00.000Z,https://api-prod.etf.com/private/fund/SIL/holdings?type=securities&formatValues=true,FETCHED,
IBUY,50.0,2024-11-20T00:00:00.000Z,https://api-prod.etf.com/private/fund/IBUY/holdings?type=securities&formatValues=true,FETCHED,
REMX,5.0,2024-11-20T00:00:00.000Z,https://api-prod.etf.com/private/fund/REMX/holdings?type=securities&formatValues=true,FETCHED,
PPH,23.0,2024-11-20T00:00:00.000Z,https://api-prod.etf.com/private/fund/PPH/holdings?type=securities&formatValues=true,FETCHED,
PKB,31.0,2024-11-21T00:00:00.000Z,https://api-prod.etf.com/private/fund/PKB/holdings?type=securities&formatValues=true,FETCHED,
BOAT,7.0,2024-11-20T00:00:00.000Z,https://api-prod.etf.com/private/fund/BOAT/holdings?type=securities&formatValues=true,FETCHED,
XRT,78.0,2024-11-20T00:00:00.000Z,https://api-prod.etf.com/private/fund/XRT/holdings?type=securities&formatValues=true,FETCHED,
XHB,35.0,2024-11-20T00:00:00.000Z,https://api-prod.etf.com/private/fund/XHB/holdings?type=securities&formatValues=true,FETCHED,
XAR,33.0,2024-11-20T00:00:00.000Z,https://api-prod.etf.com/private/fund/XAR/holdings?type=securities&formatValues=true,FETCHED,
WGMI,9.0,2024-11-20T00:00:00.000Z,https://api-prod.etf.com/private/fund/WGMI/holdings?type=securities&formatValues=true,FETCHED,
JETS,25.0,2024-11-20T00:00:00.000Z,https://api-prod.etf.com/private/fund/JETS/holdings?type=securities&formatValues=true,FETCHED,
GDX,8.0,2024-11-20T00:00:00.000Z,https://api-prod.etf.com/private/fund/GDX/holdings?type=securities&formatValues=true,FETCHED,
PEJ,31.0,2024-11-21T00:00:00.000Z,https://api-prod.etf.com/private/fund/PEJ/holdings?type=securities&formatValues=true,FETCHED,
