ticker,event_date,source,fetched_at
AA,2026-10-15,yfinance,2026-07-22T12:20:48.089065Z
AAL,2026-07-23,yfinance,2026-07-22T12:20:48.089065Z
AAMI,2026-07-30,yfinance,2026-07-22T12:20:48.089065Z
AAOI,2026-08-06,yfinance,2026-07-22T12:20:48.089065Z
AAON,2026-08-10,yfinance,2026-07-22T12:20:48.089065Z
AAPL,2026-07-30,yfinance,2026-07-22T12:20:48.089065Z
AAUC,2026-08-05,yfinance,2026-07-22T12:20:48.089065Z
ABBV,2026-07-31,yfinance,2026-07-22T12:20:48.089065Z
ABCB,2026-07-23,yfinance,2026-07-22T12:20:48.089065Z
ABEV,2026-07-30,yfinance,2026-07-22T12:20:48.089065Z
ABG,2026-07-28,yfinance,2026-07-22T12:20:48.089065Z
ABM,2026-09-03,yfinance,2026-07-22T12:20:48.089065Z
ABNB,2026-08-06,yfinance,2026-07-22T12:20:48.089065Z
ABT,2026-10-14,yfinance,2026-07-22T12:20:48.089065Z
ABX,2026-08-06,yfinance,2026-07-22T12:20:48.089065Z
ACA,2026-04-30,yfinance,2026-07-22T12:20:48.089065Z
ACDC,2026-05-07,yfinance,2026-07-22T12:20:48.089065Z
ACEL,2026-08-04,yfinance,2026-07-22T12:20:48.089065Z
ACGL,2026-07-28,yfinance,2026-07-22T12:20:48.089065Z
ACHR,2026-08-10,yfinance,2026-07-22T12:20:48.089065Z
ACI,2026-07-23,yfinance,2026-07-22T12:20:48.089065Z
ACIC,2026-08-05,yfinance,2026-07-22T12:20:48.089065Z
ACIW,2026-08-06,yfinance,2026-07-22T12:20:48.089065Z
ACLS,2026-08-04,yfinance,2026-07-22T12:20:48.089065Z
ACM,2026-08-10,yfinance,2026-07-22T12:20:48.089065Z
ACMR,2026-08-07,yfinance,2026-07-22T12:20:48.089065Z
ACN,2026-06-18,yfinance,2026-07-22T12:20:48.089065Z
ACNB,2026-07-23,yfinance,2026-07-22T12:20:48.089065Z
ACT,2026-08-05,yfinance,2026-07-22T12:20:48.089065Z
ACVA,2026-08-10,yfinance,2026-07-22T12:20:48.089065Z
AD,2026-05-08,yfinance,2026-07-22T12:20:48.089065Z
ADAM,2026-07-29,yfinance,2026-07-22T12:20:48.089065Z
ADBE,2026-09-10,yfinance,2026-07-22T12:20:48.089065Z
ADC,2026-07-30,yfinance,2026-07-22T12:20:48.089065Z
ADEA,2026-08-03,yfinance,2026-07-22T12:20:48.089065Z
ADNT,2026-08-05,yfinance,2026-07-22T12:20:48.089065Z
ADP,2026-07-29,yfinance,2026-07-22T12:20:48.089065Z
ADSE,2026-05-15,yfinance,2026-07-22T12:20:48.089065Z
ADSK,2026-08-27,yfinance,2026-07-22T12:20:48.089065Z
ADTN,2026-08-04,yfinance,2026-07-22T12:36:44.305953Z
ADV,2026-08-06,yfinance,2026-07-22T12:36:44.305953Z
AEBI,2026-08-13,yfinance,2026-07-22T12:36:44.305953Z
AEE,2026-07-30,yfinance,2026-07-22T12:36:44.305953Z
AEHR,2026-10-08,yfinance,2026-07-22T12:36:44.305953Z
AEIS,2026-08-03,yfinance,2026-07-22T12:36:44.305953Z
AEM,2026-07-29,yfinance,2026-07-22T12:36:44.305953Z
AEO,2026-05-28,yfinance,2026-07-22T12:36:44.305953Z
AEP,2026-07-30,yfinance,2026-07-22T12:36:44.305953Z
AER,2026-07-29,yfinance,2026-07-22T12:36:44.305953Z
AERO,2026-07-13,yfinance,2026-07-22T12:36:44.305953Z
AES,2026-07-30,yfinance,2026-07-22T12:36:44.305953Z
AESI,2026-08-03,yfinance,2026-07-22T12:36:44.305953Z
AEVA,2026-08-05,yfinance,2026-07-22T12:36:44.305953Z
AFG,2026-08-04,yfinance,2026-07-22T12:36:44.305953Z
AFL,2026-08-06,yfinance,2026-07-22T12:36:44.305953Z
AFRM,2026-08-27,yfinance,2026-07-22T12:36:44.305953Z
AFYA,2026-08-13,yfinance,2026-07-22T12:36:44.305953Z
AG,2026-07-30,yfinance,2026-07-22T12:36:44.305953Z
AGBK,2026-08-05,yfinance,2026-07-22T12:36:44.305953Z
AGCO,2026-07-30,yfinance,2026-07-22T12:36:44.305953Z
AGI,2026-07-29,yfinance,2026-07-22T12:36:44.305953Z
AGM,2026-07-30,yfinance,2026-07-22T12:36:44.305953Z
AGNC,2026-10-19,yfinance,2026-07-22T12:36:44.305953Z
AGNT,2026-08-04,yfinance,2026-07-22T12:36:44.305953Z
AGO,2026-08-06,yfinance,2026-07-22T12:36:44.305953Z
AGRO,2026-08-11,yfinance,2026-07-22T12:36:44.305953Z
AGX,2026-09-03,yfinance,2026-07-22T12:36:44.305953Z
AGYS,2026-07-27,yfinance,2026-07-22T12:36:44.305953Z
AHR,2026-08-06,yfinance,2026-07-22T12:36:44.305953Z
AHRT,2026-08-03,yfinance,2026-07-22T12:36:44.305953Z
AI,2026-06-03,yfinance,2026-07-22T12:36:44.305953Z
AIG,2026-08-06,yfinance,2026-07-22T12:36:44.305953Z
AIN,2026-08-04,yfinance,2026-07-22T12:36:44.305953Z
AIOT,2026-08-10,yfinance,2026-07-22T12:36:44.305953Z
AIP,2026-08-06,yfinance,2026-07-22T12:36:44.305953Z
AIR,2026-09-22,yfinance,2026-07-22T12:36:44.305953Z
AIT,2026-08-13,yfinance,2026-07-22T12:36:44.305953Z
AIZ,2026-08-04,yfinance,2026-07-22T12:36:44.305953Z
AJG,2026-07-30,yfinance,2026-07-22T12:36:44.305953Z
