rule,period,input_signals,n,end,cagr,mdd,avg_exposure,max_exposure,max_concurrent,accepted,skipped_position_cap,skipped_theme_cap,confirmation_adds,turnover_nav
BASE_RS85_RSI30,DISCOVERY,1559,1511,1.0359659657597233,0.0059157773302900285,-0.03227761714958788,0.02554246786343421,0.04308506594922401,1,67,1492,0,0,3.9238881006025195
BASE_RS85_RSI30,CONFIRM,1414,1126,1.0830568227617028,0.01793921762304218,-0.025441833782360312,0.026733722046913568,0.05731640308110365,1,51,1363,0,0,3.0372048215098024
RSI_MIN_LE25P0,DISCOVERY,397,1511,1.02600618056723,0.0042949153746525415,-0.054953954471497424,0.018005570250663627,0.05636619758004364,1,47,350,0,0,2.7504527859375663
RSI_MIN_LE25P0,CONFIRM,280,1126,1.0022455657291602,0.000499976403242286,-0.035985872846088895,0.021148194835141385,0.045251552394974644,1,42,238,0,0,2.4406812231534905
RSI_MIN_LE27P5,DISCOVERY,813,1511,0.9934837471606951,-0.001090721326139743,-0.04838311561210362,0.022379851228688585,0.05636619758004365,1,59,754,0,0,3.4202075426913616
RSI_MIN_LE27P5,CONFIRM,657,1126,1.0296858992473399,0.006540351024086455,-0.03576842374869804,0.025143706805543908,0.04525155239497466,1,48,609,0,0,2.812239353876429
RSI_MIN_LE30P0,DISCOVERY,1559,1511,1.0359659657597233,0.0059157773302900285,-0.03227761714958788,0.02554246786343421,0.04308506594922401,1,67,1492,0,0,3.9238881006025195
RSI_MIN_LE30P0,CONFIRM,1414,1126,1.0830568227617028,0.01793921762304218,-0.025441833782360312,0.026733722046913568,0.05731640308110365,1,51,1363,0,0,3.0372048215098024
MC_GE20,DISCOVERY,936,1511,1.0451607988294898,0.007400666677355616,-0.03078005077467416,0.024493587544992392,0.04308506594922402,1,64,872,0,0,3.7570814642323453
MC_GE20,CONFIRM,734,1126,1.0722746612831788,0.015672144571007518,-0.02544183378235998,0.024082463405939728,0.057316403081103647,1,46,688,0,0,2.7420719791104338
MC_GE35,DISCOVERY,759,1511,1.0755324176985497,0.012229305900931742,-0.030792501689793528,0.023497755123225925,0.056366197580043645,1,61,698,0,0,3.615457531969754
MC_GE35,CONFIRM,440,1126,1.0260884611175745,0.00575563499540066,-0.025709148409775562,0.020924549467236913,0.057316403081103647,1,41,399,0,0,2.406461693568356
MC_GE50,DISCOVERY,509,1511,1.0406182905102823,0.006668455338409984,-0.021453143050701895,0.021022985806881365,0.05142226328671273,1,54,455,0,0,3.173213918327008
MC_GE50,CONFIRM,291,1126,0.9852738424549139,-0.003300590418126137,-0.027877702918998715,0.017219557129635892,0.03793570119122643,1,34,257,0,0,1.953550126539489
MC_GE65,DISCOVERY,233,1511,1.0076692945726597,0.001276163466128466,-0.03429651040909998,0.01561468973313451,0.05636619758004365,1,41,192,0,0,2.391582187656936
MC_GE65,CONFIRM,114,1126,1.0073739596122144,0.0016385599555710506,-0.023956898753332956,0.010787087986107734,0.03864323478393307,1,21,93,0,0,1.2294168443235738
MC_GE20_UP1,DISCOVERY,506,1511,1.1349259754466134,0.021352655135120413,-0.023552066851312725,0.022523014728179087,0.06202388774948922,1,57,449,0,0,3.427837538790767
MC_GE20_UP1,CONFIRM,445,1126,1.0841886606240592,0.018176180814533316,-0.01922119586217541,0.021541230950551066,0.05731640308110365,1,41,404,0,0,2.4672168467295554
MC_GE35_UP1,DISCOVERY,448,1511,1.0890753857541795,0.014345896469323494,-0.028166871744820243,0.021128368280720622,0.056366197580043645,1,54,394,0,0,3.218563449860952
MC_GE35_UP1,CONFIRM,290,1126,1.041574200086186,0.009118506264573112,-0.01838456358723972,0.018963719986978142,0.05731640308110365,1,37,253,0,0,2.193473971216272
SECTOR_RS63_PCT_GE50,DISCOVERY,913,1511,1.018598694581824,0.0030808950174177063,-0.02495816264664885,0.023310096122897927,0.04669403575981632,1,61,852,0,0,3.558624192929671
SECTOR_RS63_PCT_GE50,CONFIRM,675,1126,1.0809274195024454,0.01749288058627818,-0.02957869758158338,0.023649144072312157,0.05755813068551314,1,45,630,0,0,2.6886059742409296
SECTOR_RS63_PCT_GE60,DISCOVERY,765,1511,1.0096527094818775,0.0016048846028933195,-0.023565014713360588,0.02208524529608342,0.04669403575981633,1,58,707,0,0,3.3772454064915745
SECTOR_RS63_PCT_GE60,CONFIRM,537,1126,1.0378272100995327,0.00830839474867573,-0.024159821800477488,0.023337614203320665,0.05755813068551314,1,45,492,0,0,2.6488643219174635
SECTOR_RS63_PCT_GE70,DISCOVERY,561,1511,1.0342601600568375,0.005639097343555832,-0.02450840286657896,0.021843966129402228,0.05142226328671274,1,57,504,0,0,3.341129085129736
SECTOR_RS63_PCT_GE70,CONFIRM,398,1126,0.999312789171644,-0.00015318221697735446,-0.02085282224286633,0.021878852070807208,0.03862288160955768,1,42,356,0,0,2.4355901248103833
SECTOR_RS63_PCT_GE80,DISCOVERY,408,1511,1.0361403906012618,0.005944047473104508,-0.02414535467977652,0.020651396353531668,0.05142226328671275,1,54,354,0,0,3.1696944368532534
SECTOR_RS63_PCT_GE80,CONFIRM,279,1126,0.9784921934474166,-0.004833475727555214,-0.03817534168335268,0.021094637111265722,0.04020648593162192,1,41,238,0,0,2.3583627788133708
C1_SEC70_MC20,DISCOVERY,333,1511,1.0359740045112833,0.0059170803090138335,-0.0237863949631979,0.019603769295407424,0.05142226328671275,1,51,282,0,0,2.9943655910241675
C1_SEC70_MC20,CONFIRM,182,1126,0.9906439743118098,-0.0020925631237249664,-0.023014656695007907,0.019166599730293013,0.03862288160955768,1,37,145,0,0,2.137192874526009
C2_SEC70_MC35,DISCOVERY,273,1511,1.0410764928868608,0.006742434037939171,-0.02402550241485879,0.0188964956458058,0.05142226328671275,1,49,224,0,0,2.8836393803321907
C2_SEC70_MC35,CONFIRM,108,1126,0.9946011337633607,-0.001205640926735363,-0.022462964470495894,0.014423228540232612,0.03659646727569769,1,28,80,0,0,1.6171446935104603
C3_RSI25_SEC70_MC20,DISCOVERY,57,1511,0.9946766746143793,-0.0008905986999913074,-0.03155044825648934,0.010200019456680644,0.04308506594922402,1,27,30,0,0,1.5643468037422585
C3_RSI25_SEC70_MC20,CONFIRM,33,1126,0.998890781209272,-0.0002472901640181435,-0.018563484394354846,0.008825410607394502,0.03497924962782804,1,17,16,0,0,0.9849793492164655
C4_RSI25_SEC70_MC35,DISCOVERY,49,1511,0.9968760173452922,-0.000522165819996534,-0.02866080191564413,0.009557249092988577,0.04308506594922402,1,25,24,0,0,1.4493733483589604
C4_RSI25_SEC70_MC35,CONFIRM,22,1126,0.9968880401119367,-0.0006943239736408868,-0.022140725464321442,0.0066689651167612584,0.039532852430401284,1,13,9,0,0,0.7498819481793563
C5_SEC80_MC20,DISCOVERY,242,1511,1.020138394179885,0.003333842027996692,-0.03576512413532984,0.018324406599501335,0.05142226328671275,1,48,194,0,0,2.8075229461840645
C5_SEC80_MC20,CONFIRM,138,1126,0.9741114389230118,-0.005828071361342557,-0.04279927014011031,0.01842920178004652,0.040206485931621926,1,36,102,0,0,2.0629785951920248
C6_SEC70_MC20_UP1,DISCOVERY,181,1511,1.0321782292035955,0.00530089463376493,-0.025728285060518385,0.01578471410650339,0.04694158667676046,1,41,140,0,0,2.414029512876995
C6_SEC70_MC20_UP1,CONFIRM,108,1126,1.0482788227344015,0.010562432914555941,-0.013273193052277366,0.016308222463160132,0.04762255590411489,1,30,78,0,0,1.7910395637251404
C7_SEC70_MC20_NQ_BULL,DISCOVERY,163,1511,0.9991888045731492,-0.0001354585040308498,-0.02304271603883623,0.01588170727202235,0.04308506594922402,1,42,121,0,0,2.437486531001964
C7_SEC70_MC20_NQ_BULL,CONFIRM,89,1126,0.9798202896798971,-0.0045326317216166645,-0.03566361006004981,0.014213629156974947,0.04028373426730794,1,28,61,0,0,1.6052114121646428
MC_LT50,DISCOVERY,1050,1511,0.9839341265657835,-0.0026999990642735394,-0.0287797495962544,0.012408627982505003,0.035102611136481866,1,33,1017,0,0,1.8997251208537353
MC_LT50,CONFIRM,1123,1126,1.0588215070367548,0.012818486623057623,-0.023384979230892,0.019348555655616984,0.05731640308110364,1,37,1086,0,0,2.1904984563338816
MC_20_50,DISCOVERY,427,1511,0.9782852222412439,-0.00365807289857889,-0.0288504784834559,0.011599338775204754,0.035102611136481866,1,31,396,0,0,1.7796450799042576
MC_20_50,CONFIRM,443,1126,1.044765316877226,0.009806652296809215,-0.02338497923089211,0.017152589903857058,0.05731640308110365,1,33,410,0,0,1.9498835529886038
MC_20_35,DISCOVERY,177,1511,1.026658478832555,0.00440147103382138,-0.013313876851598572,0.007762013791624531,0.03866226061527477,1,20,157,0,0,1.1863455834199086
MC_20_35,CONFIRM,294,1126,1.0008626782876868,0.0001921788931280588,-0.025351294438089256,0.010400870839598928,0.038872147058860176,1,20,274,0,0,1.1621104285582124
MC_35_50,DISCOVERY,250,1511,0.9968417873211206,-0.0005278948279565654,-0.015544621336124886,0.009927058795533026,0.037094829170171185,1,26,224,0,0,1.5054953361790655
MC_35_50,CONFIRM,149,1126,1.0379799442098596,0.00834146076597353,-0.020087345506023868,0.014032081072269026,0.057316403081103647,1,27,122,0,0,1.598903143900541
MC_20_50_SEC50,DISCOVERY,232,1511,0.9706201671011576,-0.004965489685626601,-0.035110890254677285,0.010084127041519748,0.03709482917017118,1,27,205,0,0,1.5385850111313817
MC_20_50_SEC50,CONFIRM,196,1126,1.0210237695633901,0.004647232132991119,-0.04221210131528641,0.015075376880404582,0.052278096976805244,1,29,167,0,0,1.702618539642117
MC_20_50_SEC60,DISCOVERY,196,1511,0.9592448033222639,-0.006921712279537751,-0.043966749063577004,0.009617404320191744,0.03320603523424194,1,26,170,0,0,1.46827534429575
MC_20_50_SEC60,CONFIRM,159,1126,1.0176803318634744,0.0039131804131611325,-0.02841114494480257,0.014303755294954586,0.05227809697680524,1,27,132,0,0,1.5810603588437586
MC_20_50_SEC70,DISCOVERY,144,1511,0.9593300762219588,-0.006906976165574452,-0.047800926832444746,0.00921864358320294,0.03421188364234214,1,25,119,0,0,1.4091049209098103
MC_20_50_SEC70,CONFIRM,102,1126,0.9904318901075163,-0.0021401754571334086,-0.02841114494480279,0.013012244143317689,0.04020648593162192,1,25,77,0,0,1.441330011192899
MC_20_50_SEC60_UP1,DISCOVERY,97,1511,1.022185215980976,0.0036696088079288813,-0.028472732049371507,0.008954884644994398,0.04694158667676044,1,23,74,0,0,1.3577289944821713
MC_20_50_SEC60_UP1,CONFIRM,95,1126,1.0319139414197114,0.007025290278915186,-0.02455001514472399,0.011160015664189794,0.05227809697680524,1,21,74,0,0,1.2473136652404127
RSI27P5_MC_20_50_SEC60,DISCOVERY,77,1511,1.048492234318247,0.007935980730759296,-0.04995441995444794,0.009302481314690922,0.1078505793009012,1,24,53,0,0,1.4386860724526915
RSI27P5_MC_20_50_SEC60,CONFIRM,71,1126,0.9999972344565948,-6.16287414656469e-07,-0.03016207517159164,0.011642518868890285,0.050024440014791505,1,22,49,0,0,1.2771336865827367
RSI25_MC_20_50_SEC60,DISCOVERY,29,1511,1.0103214994151801,0.0017156051799382954,-0.020083509646175113,0.005227004768002292,0.03814301990295305,1,14,15,0,0,0.8222947384304494
RSI25_MC_20_50_SEC60,CONFIRM,21,1126,1.0120734259156272,0.002677966394749598,-0.011578690633064048,0.006824710344982668,0.03601377446163224,1,13,8,0,0,0.7657979776933327
